patientIdentifier	gene	mutation.mutatedXmer	mutation.wildTypeXmer	mutation.position	dnaVariantAlleleFrequency	rnaVariantAlleleFrequency	rnaExpression	imputedGeneExpression	+-13_AA_(SNV)_/_-15_AA_to_STOP_(INDEL)	ADN_MHCI	ADN_MHCII	Amplitude_MHCII_rank	Amplitude_MHCI_affinity	Amplitude_MHCI_affinity_9mer	Best_affinity_MHCII_allele	Best_affinity_MHCII_allele_WT	Best_affinity_MHCII_epitope	Best_affinity_MHCII_epitope_WT	Best_affinity_MHCII_score	Best_affinity_MHCII_score_WT	Best_affinity_MHCI_9mer_allele	Best_affinity_MHCI_9mer_allele_WT	Best_affinity_MHCI_9mer_anchor_mutated	Best_affinity_MHCI_9mer_epitope	Best_affinity_MHCI_9mer_epitope_WT	Best_affinity_MHCI_9mer_position_mutation	Best_affinity_MHCI_9mer_score	Best_affinity_MHCI_9mer_score_WT	Best_affinity_MHCI_allele	Best_affinity_MHCI_allele_WT	Best_affinity_MHCI_epitope	Best_affinity_MHCI_epitope_WT	Best_affinity_MHCI_score	Best_affinity_MHCI_score_WT	Best_rank_MHCII_score	Best_rank_MHCII_score_WT	Best_rank_MHCII_score_allele	Best_rank_MHCII_score_allele_WT	Best_rank_MHCII_score_epitope	Best_rank_MHCII_score_epitope_WT	Best_rank_MHCI_9mer_allele	Best_rank_MHCI_9mer_allele_WT	Best_rank_MHCI_9mer_epitope	Best_rank_MHCI_9mer_epitope_WT	Best_rank_MHCI_9mer_score	Best_rank_MHCI_9mer_score_WT	Best_rank_MHCI_score	Best_rank_MHCI_score_WT	Best_rank_MHCI_score_allele	Best_rank_MHCI_score_allele_WT	Best_rank_MHCI_score_epitope	Best_rank_MHCI_score_epitope_WT	CDN_MHCI	CDN_MHCII	DAI_MHCI_affinity	Dissimilarity_MHCI	Dissimilarity_MHCII	Expression_mutated_transcript	Generator_rate_ADN_MHCI	Generator_rate_ADN_MHCII	Generator_rate_CDN_MHCI	Generator_rate_CDN_MHCII	Generator_rate_MHCI	Generator_rate_MHCII	Hex_alignment_score_MHCI	Hex_alignment_score_MHCII	IEDB_Immunogenicity_MHCI	IEDB_Immunogenicity_MHCII	Improved_Binder_MHCI	MHC_II_allele_(best_prediction)	MHC_II_epitope_(WT)	MHC_II_epitope_(best_prediction)	MHC_II_peptide_length_(best_prediction)	MHC_II_score_(WT)	MHC_II_score_(best_prediction)	MHC_I_allele_(best_prediction)	MHC_I_epitope_(WT)	MHC_I_epitope_(best_prediction)	MHC_I_peptide_length_(best_prediction)	MHC_I_score_(WT)	MHC_I_score_(best_prediction)	MixMHC2pred_best_allele	MixMHC2pred_best_peptide	MixMHC2pred_best_rank	MixMHCpred_best_allele	MixMHCpred_best_peptide	MixMHCpred_best_rank	MixMHCpred_best_score	Neoag_immunogenicity	Number_of_mismatches_MCHI	PHBR_I	PHBR_II	PRIME_best_allele	PRIME_best_peptide	PRIME_best_rank	PRIME_best_score	Pathogensimiliarity_MHCII	Pathogensimiliarity_MHCI_9mer	Priority_score	Recognition_Potential_MHCI_9mer	RefSeq_transcript	Selfsimilarity_MHCI	Selfsimilarity_MHCII	Selfsimilarity_MHCI_conserved_binder	Tcell_predictor_score	UCSC_transcript	VAF_RNA_limits	VAF_RNA_raw	VAF_in_RNA	VAF_in_normal	VAF_in_tumor	[WT]_+-13_AA_(SNV)_/_-15_AA_to_STOP_(INDEL)	codon	coverage_RNA	coverage_normal	coverage_tumor	distance_to_next_mutation(AA_residues)	distinct_peptides_resulting_from_this_mutation	exon	exon_expression	key	mRNA_for_+-13_AA_(SNV)_/_-15_AA_to_STOP_(INDEL)	mutation	mutation_not_found_in_proteome	mutations_in_transcript	next_mutation(potential_to_change_27mer)	next_mutation_source	other_transcripts_with_this_peptide	peptide_count_for_this_mutation_in_this_transcript	peptide_resulting_from_this_mutation	phase_of_next_mutation	substitution	transcript_expression	transcript_position	vaxrank_binding_score	vaxrank_total_score	mhcIAlleles	mhcIIAlleles	estimatedTumorContent	isRnaAvailable	tumorType	tissue	number_of_mutations_icam	_number_of_SNVs_icam	number_of_non_syn._SNVs_icam	number_of_Indels_icam	number_of_frameshift_INDELs_icam	unique_peptides_icam	number_of_expressed_ge_icam	WEX tumor	WEX normal	RNA tumor	RNA_tumor_on	Cohort	response	binary_response	vital_status	overall_survival	survival_days	average_coverage_riaz	mutation_burden_paper_all_riaz	Binder_WT_NonBinder_riaz	Sample	quantiseq_B.cells	quantiseq_Macrophages.M1	quantiseq_Macrophages.M2	quantiseq_Monocytes	quantiseq_Neutrophils	quantiseq_NK.cells	quantiseq_T.cells.CD4	quantiseq_T.cells.CD8	quantiseq_Tregs	quantiseq_Dendritic.cells	quantiseq_Other
Pt10	MLL4	PGVRVLSLGPAPEPPKPRHIQNHTCQQAGASICEDGWGG	NA	NA	0.0606060606061	0	2.4713941888999997	6.0391478041	PGVRVLSLGPAPEPPKPRHIQNHTCQQAGASICEDGWGG	0	1	25.901	0.17346	0.17346	HLA-DRB1*01:01	HLA-DRB1*01:01	RVLSLGPAPEPPKPR	RMTSQTPLPQSPRPR	623.46	611.48	HLA-A*30:02	HLA-A*30:02	NA	IQNHTCQQA	ITNHTCSNA	NA	7266.2	2026.7	HLA-A*30:02	HLA-A*30:02	IQNHTCQQA	ITNHTCSNA	7266.2	2026.7	2.13	55.17	HLA-DQA1*05:01-DQB1*05:01	HLA-DQA1*05:01-DQB1*05:01	PRHIQNHTCQQAGAS	PCKVKEQRCQQRGAA	HLA-B*44:02	HLA-B*44:02	PEPPKPRHI	PRPPKPSHL	2.123	15.339	1.173	9.596	HLA-B*44:02	HLA-B*44:02	APEPPKPRHI	APDPPRPRPV	0	0	-5239.5	0	0	0	0	0	0	0	0	0	181	348	-0.05018	-0.24359	1	HLA-DRB1*03:01	PPKPATSKIILVNKL	PPKPRHIQNHTCQQA	15	36.01	22.53	HLA-B*44:02	QVFVKMAG	ASICEDGW	8	32	3.4	HLA-DRB1*01:01	GVRVLSLGPAPEPPKPR	11.2	HLA-A*02:01	IQNHTCQQA	5	-0.02264	NA	4	2.6304	NA	HLA-B*44:02	QQAGASICEDGW	3	0.16379	1	0	0.05881	0	NM_014727	0.9036189094334148	0.7853458229714964	NA	NA	uc021usv.1	NA	0	0	0	0.0606060606061	NA	2184	11	61	166	NA	1	uc021usv.1#exon.27	0	96	CCAGGGGTCCGGGTGTTAAGCCTTGGCCCTGCCCCTGAGCCCCCCAAACCCCGCCACATCCAAAATCATACTTGTCAACAAGCTGGGGCAAGTATTTGTGAAGATGGCTGGGGAGGG	chr19_36224004	1	1	NA	NA	uc021usu.1	0	1	NA	NA	2.4713941888999997	6554	0	0	HLA-A*30:02,HLA-A*02:01,HLA-B*44:02,HLA-B*18:01,HLA-C*05:01,HLA-C*05:01	HLA-DRB1*01:01,HLA-DRB1*03:01,HLA-DQA1*01:01,HLA-DQA1*05:01,HLA-DQB1*05:01,HLA-DQB1*02:01,HLA-DPA1*01:03,HLA-DPA1*01:03,HLA-DPB1*04:01,HLA-DPB1*02:02	77	TRUE	SKCM	skin	74	67	46	7	3	46	12774	SRR5134764	SRR5134829	SRR5088887	SRR5088888	NIV3-NAIVE	SD	no	Dead	36.6	256.2	237.420731	75	33	Pt10	0.014914769	0.002640733	0.024418489	0.008263262	0.034469522	0.020550208	0.007671985	0	0.009046458	0.051950934	0.82607364
Pt10	HOXD10	RKKRCPYTKHQTLELERVLVQYVPHPRAPPRDQ	NA	NA	0.16081871345	0	0.25059231905699997	0.148750253	RKKRCPYTKHQTLELERVLVQYVPHPRAPPRDQ	0	1	271.67	0.66289	0.73712	HLA-DRB1*01:01	HLA-DRB1*01:01	RCPYTKHQTLELERV	QCPYCKYSNADVNRL	108.08	174.49	HLA-B*18:01	HLA-B*18:01	NA	LELERVLVQ	LEVERVLPQ	NA	1700.1	2008.2	HLA-B*18:01	HLA-B*18:01	LELERVLVQY	VELERILAPY	110.06	74.59	0.03	8.15	HLA-DQA1*05:01-DQB1*05:01	HLA-DQA1*05:01-DQB1*05:01	ERVLVQYVPHPRAPP	ERLVAEDAPSPAAPP	HLA-B*18:01	HLA-B*18:01	LELERVLVQ	LEVERVLPQ	0.794	1.599	0.058	0.048	HLA-B*18:01	HLA-B*18:01	LERVLVQY	VERPLVQY	0	1	-35.47	0.00382	0	0	0	0	0	8	0	8	170	205	0.21215	-0.03202	0	HLA-DRB1*03:01	LELEKEFLFNMYLTR	LELERVLVQYVPHPR	15	13.53	2.46	HLA-B*18:01	LELEKEFLFN	LELERVLVQY	10	9.15	0.25	HLA-DPA1*01:03-DPB1*04:01	KKRCPYTKHQTLELER	2.63	HLA-B*44:02	LELERVLVQY	0.2	0.42032	NA	2	0.26027	NA	HLA-B*44:02	LELERVLVQY	0.07	0.18822	0	0	0.02961	0	NM_002148	0.933730084119488	0.7415775038677095	0.933730084119488	NA	uc002ukj.3	NA	0	0	0	0.16081871345	NA	281	2	101	345	NA	1	uc002ukj.3#exon.1	0	56	AGAAAGAAGAGGTGCCCTTACACTAAGCACCAAACGCTGGAATTAGAAAGAGTTCTTGTTCAATATGTACCTCACCCGCGAGCGCCGCCTAGAGATCAG	chr2_176983779	1	1	NA	NA	NA	0	1	NA	NA	0.25059231905699997	843	1.9326	0	HLA-A*30:02,HLA-A*02:01,HLA-B*44:02,HLA-B*18:01,HLA-C*05:01,HLA-C*05:01	HLA-DRB1*01:01,HLA-DRB1*03:01,HLA-DQA1*01:01,HLA-DQA1*05:01,HLA-DQB1*05:01,HLA-DQB1*02:01,HLA-DPA1*01:03,HLA-DPA1*01:03,HLA-DPB1*04:01,HLA-DPB1*02:02	77	TRUE	SKCM	skin	74	67	46	7	3	46	12774	SRR5134764	SRR5134829	SRR5088887	SRR5088888	NIV3-NAIVE	SD	no	Dead	36.6	256.2	237.420731	75	33	Pt10	0.014914769	0.002640733	0.024418489	0.008263262	0.034469522	0.020550208	0.007671985	0	0.009046458	0.051950934	0.82607364
Pt10	EXOSC2	SLKYGKLGQGVLVQVSPPW	NA	NA	0.378881987578	0.064	7.94277040245	7.141686647	SLKYGKLGQGVLVQVSPPW	0	0	2.5016	0.28892	0.28892	HLA-DRB1*01:01	HLA-DRB1*01:01	YGKLGQGVLVQVSPP	YGKAGEAVWFSSDPP	131.18	2301.4	HLA-A*02:01	HLA-A*02:01	NA	VLVQVSPPW	ILVHLSPAW	NA	8366.2	8794.6	HLA-A*02:01	HLA-A*02:01	VLVQVSPPW	ILVHLSPAW	8366.2	8794.6	21.65	54.16	HLA-DQA1*05:01-DQB1*02:01	HLA-DQA1*05:01-DQB1*02:01	YGKLGQGVLVQVSPP	YGKAGEAVWFSSDPP	HLA-B*44:02	HLA-B*44:02	VLVQVSPPW	ILVHLSPAW	5.608	4.563	5.608	4.563	HLA-B*44:02	HLA-B*44:02	VLVQVSPPW	ILVHLSPAW	0	0	428.36	0	0	0.50834	0	0	0	0	0	0	170	243	-0.23453	-0.2784	0	HLA-DRB1*03:01	GKLGQGVLVQVSPSL	GKLGQGVLVQVSPPW	15	6.66	25.7	HLA-B*44:02	VLVQVSPSL	VLVQVSPPW	9	28.5	4.15	HLA-DPA1*01:03-DPB1*04:01	GKLGQGVLVQVSPP	10.4	HLA-A*30:02	VLVQVSPPW	15	-0.18464	NA	4	9.3894	NA	HLA-A*30:02	VLVQVSPP	100	0	0.00767	0	0	0	NM_014285	0.897477571213565	0.7637628075515757	0.897477571213565	NA	uc004bzu.2	NA	0.064	0.064	0	0.378881987578	NA	174	78	45	162	NA	2	uc004bzu.2#exon.6	0	148	AGCCTGAAATATGGAAAACTAGGTCAGGGGGTTTTGGTCCAGGTTTCCCCTCCCTGG	chr9_133577547	1	1	NA	NA	NA	0	1	NA	NA	7.94277040245	522	0	0	HLA-A*30:02,HLA-A*02:01,HLA-B*44:02,HLA-B*18:01,HLA-C*05:01,HLA-C*05:01	HLA-DRB1*01:01,HLA-DRB1*03:01,HLA-DQA1*01:01,HLA-DQA1*05:01,HLA-DQB1*05:01,HLA-DQB1*02:01,HLA-DPA1*01:03,HLA-DPA1*01:03,HLA-DPB1*04:01,HLA-DPB1*02:02	77	TRUE	SKCM	skin	74	67	46	7	3	46	12774	SRR5134764	SRR5134829	SRR5088887	SRR5088888	NIV3-NAIVE	SD	no	Dead	36.6	256.2	237.420731	75	33	Pt10	0.014914769	0.002640733	0.024418489	0.008263262	0.034469522	0.020550208	0.007671985	0	0.009046458	0.051950934	0.82607364
Pt10	EXOSC2	FLQEGDLISGVLVQVSPPW	NA	NA	0.378881987578	0.064	0.288009737717	7.141686647	FLQEGDLISGVLVQVSPPW	0	0	0.10778	0.28892	0.28892	HLA-DRB1*01:01	HLA-DRB1*01:01	EGDLISGVLVQVSPP	KGDVVTGSDAQVSVP	144.79	1173.1	HLA-A*02:01	HLA-A*02:01	NA	VLVQVSPPW	ILVHLSPAW	NA	8366.2	8794.6	HLA-A*02:01	HLA-A*02:01	VLVQVSPPW	ILVHLSPAW	8366.2	8794.6	1.67	0.18	HLA-DQA1*05:01-DQB1*02:01	HLA-DQA1*05:01-DQB1*02:01	EGDLISGVLVQVSPP	KGDVVTGSDAQVSVP	HLA-B*44:02	HLA-B*44:02	VLVQVSPPW	ILVHLSPAW	5.608	4.563	5.608	4.563	HLA-B*44:02	HLA-B*44:02	VLVQVSPPW	ILVHLSPAW	0	0	428.36	0	0	0.01843	0	0	0	0	0	0	170	320	-0.23453	-0.1529	0	HLA-DRB1*03:01	EGDLISGVLVQVSPS	EGDLISGVLVQVSPP	15	9.65	9.95	HLA-B*44:02	SGVLVQVSPSL	SGVLVQVSPPW	11	22	3.6	HLA-DPA1*01:03-DPB1*04:01	LQEGDLISGVLVQVSPP	1.61	HLA-A*30:02	VLVQVSPPW	15	-0.18464	NA	4	9.3894	NA	HLA-A*30:02	VLVQVSPP	100	0	0	0	0	0	NM_014285	0.897477571213565	0.8323048165204373	0.897477571213565	NA	uc011mbz.1	NA	0.064	0.064	0	0.378881987578	NA	148	78	45	162	NA	2	uc011mbz.1#exon.5	0	58	TTCTTACAGGAAGGGGACCTTATCAGTGGGGTTTTGGTCCAGGTTTCCCCTCCCTGG	chr9_133577547	1	1	NA	NA	NA	0	2	NA	NA	0.288009737717	444	0	0	HLA-A*30:02,HLA-A*02:01,HLA-B*44:02,HLA-B*18:01,HLA-C*05:01,HLA-C*05:01	HLA-DRB1*01:01,HLA-DRB1*03:01,HLA-DQA1*01:01,HLA-DQA1*05:01,HLA-DQB1*05:01,HLA-DQB1*02:01,HLA-DPA1*01:03,HLA-DPA1*01:03,HLA-DPB1*04:01,HLA-DPB1*02:02	77	TRUE	SKCM	skin	74	67	46	7	3	46	12774	SRR5134764	SRR5134829	SRR5088887	SRR5088888	NIV3-NAIVE	SD	no	Dead	36.6	256.2	237.420731	75	33	Pt10	0.014914769	0.002640733	0.024418489	0.008263262	0.034469522	0.020550208	0.007671985	0	0.009046458	0.051950934	0.82607364
Pt11	SLC17A4	SWSHLSYCCWIFH	NA	NA	0.263565891473	-1	0	0	SWSHLSYCCWIFH	0	NA	NA	2.6207	0.19515	NA	NA	NA	NA	NA	NA	HLA-A*03:01	HLA-A*03:01	NA	LSYCCWIFH	VTFGCWIFY	NA	1251.4	263.53	HLA-A*03:01	HLA-A*03:01	HLSYCCWIFH	HISQSCWTVH	935.71	9276.6	NA	NA	NA	NA	NA	NA	HLA-A*03:01	HLA-A*03:01	LSYCCWIFH	VTFGCWIFY	8.843	1.781	8.843	1.781	HLA-A*03:01	HLA-A*03:01	LSYCCWIFH	VTFGCWIFY	0	NA	8340.9	0	NA	NA	0	NA	0	NA	0	NA	241	NA	0.15841	NA	0	NA	NA	NA	0	NA	999	NA	NA	NA	0	NA	999	HLA-DPA1*01:03-DPB1*04:01	SWSHLSYCCWIFH	11.2	HLA-C*07:01	LSYCCWIF	9	-0.06904	NA	5	14.294	NA	HLA-C*07:01	LSYCCWIF	0.2	0.18654	NA	0	0	0	NA	0.8539569172711965	NA	0.8539569172711965	NA	uc010jqa.3	NA	-1	-1	0	0.263565891473	NA	70	0	63	129	NA	1	uc010jqa.3#exon.1	0	138	AGCTGGAGCCATCTCTCCTACTGCTGCTGGATTTTTCAT	chr6_25778237	1	1	NA	NA	NA	0	1	NA	Q71-	0	210	0.02435	NA	HLA-A*03:01,HLA-A*01:01,HLA-B*08:01,HLA-B*07:02,HLA-C*07:02,HLA-C*07:01	HLA-DRB1*15:01,HLA-DRB1*03:01,HLA-DQA1*01:02,HLA-DQA1*01:01,HLA-DQB1*06:02,HLA-DQB1*05:01,HLA-DPA1*01:03,HLA-DPA1*01:03,HLA-DPB1*04:02,HLA-DPB1*04:01	33	TRUE	SKCM	skin	158	157	96	1	0	72	12840	SRR5134846	SRR5134865	SRR5088916	SRR5088917	NIV3-NAIVE	PD	no	Dead	119.6	837.2	143.635841	106	67	Pt11	0.01242816	0.040334926	0.085310461	0.119326065	0.032059853	0.024169322	0.007025601	0.062753879	0.031301297	0	0.585290435
Pt18	RIPK3	VLGMFYLHDQNPVLLHGTSSHPTSCWTQSCTSRSAGLHPSQPQDKAPELLQPGPPDTRPPEPCLLNRRSLSLWTQGCQGTKPSQEF	NA	NA	0.117948717949	0	0	1.0782759139	VLGMFYLHDQNPVLLHGTSSHPTSCWTQSCTSRSAGLHPSQPQDKAPELLQPGPPDTRPPEPCLLNRRSLSLWTQGCQGTKPSQEF	0	1	6.4141	0.88537	0.88537	HLA-DRB1*03:01	HLA-DRB1*03:01	GMFYLHDQNPVLLHG	GMFYTAGQNHGKLNG	242.47	7610.5	HLA-B*08:01	HLA-B*08:01	NA	LLNRRSLSL	LLLRRSLSL	NA	5.47	4.85	HLA-B*08:01	HLA-B*08:01	LLNRRSLSL	LLLRRSLSL	5.47	4.85	0.99	6.35	HLA-DPA1*01:03-DPB1*06:01	HLA-DPA1*01:03-DPB1*06:01	PQDKAPELLQPGPPD	PPDSAVELWKPGAQD	HLA-B*08:01	HLA-B*08:01	LLNRRSLSL	LLLRRSLSL	0.009	0.011	0.009	0.011	HLA-B*08:01	HLA-B*08:01	LLNRRSLSL	LLLRRSLSL	1	1	-0.62	0.9846	0	0	1	0	3	1	4	1	214	208	-0.21177	-0.01402	1	HLA-DRB1*03:01	NA	PEPCLLNRRSLSLWT	15	NA	2.33	HLA-B*08:01	NA	CLLNRRSLSL	10	NA	0.15	HLA-DPA1*01:03-DPB1*04:01	GMFYLHDQNPVLLHG	0.883	HLA-B*08:01	LLNRRSLSL	0.01	0.7335	NA	1	0.04734	NA	HLA-C*07:01	RRSLSLWTQ	0.07	0.19569	1	0	0	0	NM_006871	0.9546712862135862	0.7300734429807795	NA	NA	uc010toj.1	NA	0	0	0	0.117948717949	NA	139	9	103	197	10000000	2	uc010toj.1#exon.2	0	9	GTGCTTGGGATGTTTTACCTGCACGACCAGAACCCGGTGCTCCTGCACGGGACCTCAAGCCATCCAACGTCCTGCTGGACCCAGAGCTGCACGTCAAGGTCAGCTGGTCTACACCCCTCTCAGCCTCAAGACAAGGCCCCAGAGCTGCTCCAGCCAGGCCCGCCGGACACTAGACCTCCAGAGCCCTGTCTATTGAATAGGCGTAGCCTCTCTCTCTGGACACAGGGCTGCCAGGGGACAAAGCCCAGCCAGGAGTTT	chr14_24808269	1	2	NA	NA	NA	0	1	NA	NA	0	419	5.3488	0	HLA-A*01:01,HLA-A*31:01,HLA-B*08:01,HLA-B*40:01,HLA-C*07:01,HLA-C*03:04	HLA-DRB1*04:04,HLA-DRB1*03:01,HLA-DQA1*03:01,HLA-DQA1*05:01,HLA-DQB1*02:01,HLA-DQB1*03:02,HLA-DPA1*01:03,HLA-DPA1*01:03,HLA-DPB1*04:01,HLA-DPB1*06:01	24	TRUE	SKCM	skin	303	302	167	1	1	135	12068	SRR5134891	SRR5134889	SRR5088891	SRR5088892	NIV3-NAIVE	PR	yes	Alive	153.3	1073.1	154.582077	217	137	Pt18	0.162563781	0.065311288	0.095983606	0.057365361	0.022541958	0.025946615	0.070616761	0.057233249	0.041988145	0	0.400449235
Pt18	RIPK3	VLGMFYLHDQNPVLLHGTSSHPTSCWTQSCTSSWQILACPHFREAHSQGQGPGSQGAPWATWPQNCLLT	NA	NA	0.117948717949	0	2.7705503274199996	1.0782759139	VLGMFYLHDQNPVLLHGTSSHPTSCWTQSCTSSWQILACPHFREAHSQGQGPGSQGAPWATWPQNCLLT	0	1	21.877	2.9242	2.9242	HLA-DRB1*03:01	HLA-DRB1*03:01	GMFYLHDQNPVLLHG	GMFYTAGQNHGKLNG	242.47	7610.5	HLA-A*31:01	HLA-A*31:01	NA	QILACPHFR	QVRNCPHFK	NA	15.59	46.22	HLA-A*31:01	HLA-A*31:01	QILACPHFR	QVRNCPHFK	15.59	46.22	0.81	17.72	HLA-DPA1*01:03-DPB1*06:01	HLA-DPA1*01:03-DPB1*06:01	PHFREAHSQGQGPGS	PEKQESHQKSHGPGS	HLA-A*31:01	HLA-A*31:01	QILACPHFR	QVRNCPHFK	0.293	0.502	0.293	0.502	HLA-A*31:01	HLA-A*31:01	QILACPHFR	QVRNCPHFK	1	1	30.63	0	0	0	0	0	2	1	2	1	237	208	0.06853	-0.01402	1	HLA-DRB1*03:01	GMFYLHDQNPVLLHR	GMFYLHDQNPVLLHG	15	4.35	4.35	HLA-A*01:01	LHVKLADFG	CTSSWQILA	9	87	0.5	HLA-DPA1*01:03-DPB1*04:01	GMFYLHDQNPVLLHG	0.883	HLA-A*31:01	QILACPHFR	2	0.20168	NA	4	0.71422	NA	HLA-C*03:04	WATWPQNCL	0.2	0.18382	1	0	0.1097	0	NM_006871	0.8766589495801826	0.7300734429807795	NA	NA	uc001wpb.3	NA	0	0	0	0.117948717949	NA	139	9	103	197	10000000	2	uc001wpb.3#exon.2	0	300	GTGCTTGGGATGTTTTACCTGCACGACCAGAACCCGGTGCTCCTGCACGGGACCTCAAGCCATCCAACGTCCTGCTGGACCCAGAGCTGCACGTCAAGCTGGCAGATTTTGGCCTGTCCACATTTCAGGGAGGCTCACAGTCAGGGACAGGGTCCGGGGAGCCAGGGGGCACCCTGGGCTACTTGGCCCCAGAACTGTTTGTTAACG	chr14_24808269	1	2	NA	NA	NA	0	2	NA	NA	2.7705503274199996	419	4.8622	0	HLA-A*01:01,HLA-A*31:01,HLA-B*08:01,HLA-B*40:01,HLA-C*07:01,HLA-C*03:04	HLA-DRB1*04:04,HLA-DRB1*03:01,HLA-DQA1*03:01,HLA-DQA1*05:01,HLA-DQB1*02:01,HLA-DQB1*03:02,HLA-DPA1*01:03,HLA-DPA1*01:03,HLA-DPB1*04:01,HLA-DPB1*06:01	24	TRUE	SKCM	skin	303	302	167	1	1	135	12068	SRR5134891	SRR5134889	SRR5088891	SRR5088892	NIV3-NAIVE	PR	yes	Alive	153.3	1073.1	154.582077	217	137	Pt18	0.162563781	0.065311288	0.095983606	0.057365361	0.022541958	0.025946615	0.070616761	0.057233249	0.041988145	0	0.400449235
Pt27	RB1	FALFSKLERTCELIYLTQQFDIY	NA	NA	0.163865546218	0	17.1589274646	10.4579574816	FALFSKLERTCELIYLTQQFDIY	0	0	14.172	5.2742000000000004	5.2742000000000004	HLA-DRB1*07:01	HLA-DRB1*07:01	RTCELIYLTQQFDIY	RACESCYTTQSYQWY	332.24	1263	HLA-A*24:02	HLA-A*24:02	NA	IYLTQQFDI	LYVTQQFDI	NA	42.24	238.74	HLA-A*24:02	HLA-A*24:02	IYLTQQFDI	LYVTQQFDI	42.24	238.74	5.12	72.56	HLA-DPA1*01:03-DPB1*17:01	HLA-DPA1*01:03-DPB1*17:01	SKLERTCELIYLTQQ	ASLEAELEAVYLTQQ	HLA-A*24:02	HLA-A*24:02	IYLTQQFDI	LYVTQQFDI	0.213	0.687	0.213	0.687	HLA-A*24:02	HLA-A*24:02	IYLTQQFDI	LYVTQQFDI	1	0	196.5	0	0	0	1	0	1	0	2	0	158	155	-0.17342	0.20653	1	HLA-DRB1*07:01	ERTCELIYLTQPSSS	ERTCELIYLTQQFDI	15	9.21	8.18	HLA-A*24:02	IYLTQPSSS	IYLTQQFDI	9	3.4	0.25	HLA-DQA1*02:01-DQB1*02:02	FSKLERTCELIYLTQQ	0.118	HLA-A*24:02	IYLTQQFDI	0.2	0.4473	NA	2	0.85454	21.62	HLA-A*24:02	IYLTQQFDI	0.2	0.18924	6e-5	0	0.12294	0	NM_000321	0.9743904547882426	0.7464888426104073	NA	NA	uc001vcb.3	NA	0	0	0	0.163865546218	NA	173	28	121	242	245	1	uc001vcb.3#exon.4	0	85	TTTGCACTCTTCAGCAAATTGGAAAGGACATGTGAACTTATATATTTGACCCAGCAGTTCGATATCTAC	chr13_48921981	1	3	chr13_48951094	INDEL_replicate_1	NA	0	1	NA	NA	17.1589274646	521	1.6749	0	HLA-A*24:02,HLA-A*68:01,HLA-B*40:01,HLA-B*35:01,HLA-C*04:01,HLA-C*03:04	HLA-DRB1*13:02,HLA-DRB1*07:01,HLA-DQA1*01:02,HLA-DQA1*02:01,HLA-DQB1*06:04,HLA-DQB1*02:02,HLA-DPA1*01:03,HLA-DPA1*02:01,HLA-DPB1*105:01,HLA-DPB1*17:01	51	TRUE	SKCM	skin	284	280	160	4	3	109	9748	SRR5134917	SRR5134915	SRR5088908	SRR5088907	NIV3-NAIVE	PD	no	Dead	67.9	475.3	152.043339	183	119	Pt27	0.015981692	0.019423141	0.025847838	0	0.055006125	0.004880675	0.021605916	0.007651631	0.064083043	0.052807409	0.732712531
Pt27	PLEKHG5	GDLPSGASPRVQPEPHQGSLPSTGS	NA	NA	0.142361111111	0	0.101683551252	0.7564667639	GDLPSGASPRVQPEPHQGSLPSTGS	0	0	17.695	1.4895	1.4895	HLA-DQA1*02:01-DQB1*06:04	HLA-DQA1*02:01-DQB1*06:04	DLPSGASPRVQPEPH	DAPSGACRARGPEPH	6736.9	12251	HLA-B*35:01	HLA-B*35:01	NA	EPHQGSLPS	DPHQGSLQS	NA	1683.8	10129	HLA-B*35:01	HLA-B*35:01	EPHQGSLPS	DPHQGSLQS	1683.8	10129	4.46	78.92	HLA-DPA1*01:03-DPB1*17:01	HLA-DPA1*01:03-DPB1*17:01	ASPRVQPEPHQGSLP	ASPATGPGPHRLSIP	HLA-C*04:01	HLA-C*04:01	QPEPHQGSL	RPFPHQGSL	0.226	0.406	0.226	0.406	HLA-C*04:01	HLA-C*04:01	QPEPHQGSL	RPFPHQGSL	0	0	8444.9	0	0	0	0	0	0	0	0	0	181	346	-0.24463	-0.22549	1	HLA-DRB1*07:01	DLPSGASPRVQPEPP	DLPSGASPRVQPEPH	15	46.16	46.16	HLA-B*35:01	EPPPGVSAQ	EPHQGSLPS	9	6.7	1.5	HLA-DPA1*01:03-DPA1*02:01	LPSGASPRVQPEPH	9.28	HLA-C*03:04	QPEPHQGSL	2	0.18503	NA	2	0.70332	16.768	HLA-C*03:04	QPEPHQGSL	4	0.16343	0.00761	0	0.01082	0	NM_020631	0.917157839073241	0.7763755134912809	NA	NA	uc001anm.1	NA	0	0	0	0.142361111111	NA	972	1	80	291	10000000	1	uc001anm.1#exon.19	0	177	GGAGACCTGCCCTCGGGGGCCTCTCCCAGGGTCCAGCCTGAGCCCCACCAGGGGTCTCTGCCCAGCACAGGAAGC	chr1_6527976	1	2	NA	NA	uc001anp.1 uc001ano.1 uc001anl.1 uc001ann.1 uc001ank.1 uc009vma.1 uc001anj.1 uc010nzr.1	0	1	NA	NA	0.101683551252	2916	1.5e-4	0	HLA-A*24:02,HLA-A*68:01,HLA-B*40:01,HLA-B*35:01,HLA-C*04:01,HLA-C*03:04	HLA-DRB1*13:02,HLA-DRB1*07:01,HLA-DQA1*01:02,HLA-DQA1*02:01,HLA-DQB1*06:04,HLA-DQB1*02:02,HLA-DPA1*01:03,HLA-DPA1*02:01,HLA-DPB1*105:01,HLA-DPB1*17:01	51	TRUE	SKCM	skin	284	280	160	4	3	109	9748	SRR5134917	SRR5134915	SRR5088908	SRR5088907	NIV3-NAIVE	PD	no	Dead	67.9	475.3	152.043339	183	119	Pt27	0.015981692	0.019423141	0.025847838	0	0.055006125	0.004880675	0.021605916	0.007651631	0.064083043	0.052807409	0.732712531
Pt28	ZNF628	QRHLQPHSPPAPPAPPPPAPARGA	NA	NA	0.35593220339000003	-1	0.263927057119	2.0063624555	QRHLQPHSPPAPPAPPPPAPARGA	0	0	1.4368	0.53959	0.30399	HLA-DQA1*02:01-DQB1*03:03	HLA-DQA1*02:01-DQB1*03:03	PAPPAPPPPAPARGA	PFPPMPPPPAPAPGA	8239.5	7337.7	HLA-A*68:01	HLA-A*68:01	NA	APPPPAPAR	SPPPPAPAR	NA	4584	2394.5	HLA-A*68:01	HLA-A*68:01	PAPPPPAPAR	PLPPPPAPRR	3679.9	4911.2	43.91	63.09	HLA-DQA1*02:01-DQB1*03:03	HLA-DQA1*02:01-DQB1*03:03	PAPPAPPPPAPARGA	PFPPMPPPPAPAPGA	HLA-A*68:01	HLA-A*68:01	APPPPAPAR	SPPPPAPAR	1.114	0.813	1.114	0.813	HLA-A*68:01	HLA-A*68:01	APPPPAPAR	SPPPPAPAR	0	0	1231.3	0	0	NA	0	0	0	0	0	0	233	248	-0.00889	0.10775	0	HLA-DRB1*13:02	QPHSPPAPPAPPPPP	QPHSPPAPPAPPPPA	15	77.68	76.12	HLA-A*68:01	PAPPPPPPPV	PAPPPPAPAR	10	78	9.85	HLA-DPA1*01:03-DPB1*04:01	SPPAPPAPPPPAPARG	66.7	HLA-A*68:01	APPPPAPAR	3	0.04771	NA	1	4.2777	NA	HLA-A*68:01	APPPPAPAR	3	0.16326	1	1	0.04549	0.30399	NM_033113	0.991716096027134	0.8906905356718061	0.991716096027134	NA	uc021vbv.1	NA	-1	-1	0	0.35593220339000003	NA	267	0	22	59	38	1	uc021vbv.1#exon.0	0	18	CAGCGGCACCTCCAGCCCCACAGCCCGCCCGCGCCTCCCGCCCCGCCGCCCCCCGCCCCCGCCCGTGGTGCC	chr19_55993375	1	2	chr19_55993259	SNP_replicate_1	uc002qld.2	0	1	NA	NA	0.263927057119	803	0	NA	HLA-A*23:01,HLA-A*68:01,HLA-B*40:01,HLA-B*41:02,HLA-C*17:03,HLA-C*03:04	HLA-DRB1*13:02,HLA-DRB1*07:01,HLA-DQA1*01:02,HLA-DQA1*02:01,HLA-DQB1*06:09,HLA-DQB1*03:03,HLA-DPA1*01:03,HLA-DPA1*01:03,HLA-DPB1*104:01,HLA-DPB1*04:01	74	TRUE	SKCM	skin	48	40	30	8	2	22	10908	SRR5134776	SRR5134826	SRR5088922	SRR5088923	NIV3-NAIVE	PD	no	Dead	105.7	739.9	163.933043	42	16	Pt28	0.014147657	0.003518152	0.029975058	0.059137832	0	0.023854677	0.059919042	0.019569287	0.02153563	0.034775045	0.73356762
Pt28	TANC1	GCGHFGDRLGPSQNVRSVVRMALHTLYQVRRKPQRGFCLIPPWLWTQPLQTKVGWRPAATCDTQLPSPAQALLVLHPAA	NA	NA	0.272151898734	0.133	4.76325681546	8.0750374799	GCGHFGDRLGPSQNVRSVVRMALHTLYQVRRKPQRGFCLIPPWLWTQPLQTKVGWRPAATCDTQLPSPAQALLVLHPAA	0	1	18.163	1.5492	25.418	HLA-DRB1*07:01	HLA-DRB1*07:01	LIPPWLWTQPLQTKV	VILPERWTQDLRTRV	55.01	2395.8	HLA-A*68:01	HLA-A*68:01	NA	HTLYQVRRK	HTLRQVRRE	NA	110.17	17512	HLA-A*68:01	HLA-A*68:01	MALHTLYQVR	MILHSLYQAR	20.46	32	1.41	25.61	HLA-DRB1*13:02	HLA-DRB1*13:02	LHTLYQVRRKPQRGF	LHTYYQLGRGSSDGF	HLA-C*03:04	HLA-C*03:04	VVRMALHTL	VLRMPLHTI	0.523	3.711	0.523	3.711	HLA-C*03:04	HLA-C*03:04	VVRMALHTL	VLRMPLHTI	1	0	11.54	0	0	0.63351	5	1	1	0	6	1	168	237	-0.04529	0.10696	1	HLA-DRB1*07:01	RLLSHSSVAVDAAPP	FCLIPPWLWTQPLQT	15	6.99	3.95	HLA-A*68:01	PAHPLPSK	HTLYQVRR	8	13	0.6	HLA-DPA1*01:03-DPB1*04:01	IPPWLWTQPLQTK	0.145	HLA-C*03:04	SPAQALLVL	2	0.17296	NA	3	0.79955	NA	HLA-B*41:02	TKVGWRPAA	0.2	0.18339	1	0	0.27194	1e-5	NM_033394	0.9278735862947042	0.7388110321364091	NA	NA	uc010fon.3	NA	0.133	0.133	0	0.272151898734	NA	451	15	73	158	35	1	uc010fon.3#exon.7	0	2	GGTTGTGGCCACTTTGGGGATCGGCTGGGCCCCAGCCAGAATGTCCGCAGTGTGGTGAGAATGGCCCTGCACACCCTTTACCAAGTAAGACGAAAACCACAGAGAGGCTTCTGTCTCATTCCTCCGTGGCTGTGGACGCAGCCCCTCCAAACCAAGGTGGGCTGGCGACCTGCAGCGACGTGCGACACCCAGCTTCCCTCACCAGCTCAGGCTCTTCTGGTTCTCCATCCAGCAGCA	chr2_160086758	1	4	chr2_160086653	SNP_replicate_1	uc002uag.3	0	1	NA	NA	4.76325681546	1353	4.3059	2.7279	HLA-A*23:01,HLA-A*68:01,HLA-B*40:01,HLA-B*41:02,HLA-C*17:03,HLA-C*03:04	HLA-DRB1*13:02,HLA-DRB1*07:01,HLA-DQA1*01:02,HLA-DQA1*02:01,HLA-DQB1*06:09,HLA-DQB1*03:03,HLA-DPA1*01:03,HLA-DPA1*01:03,HLA-DPB1*104:01,HLA-DPB1*04:01	74	TRUE	SKCM	skin	48	40	30	8	2	22	10908	SRR5134776	SRR5134826	SRR5088922	SRR5088923	NIV3-NAIVE	PD	no	Dead	105.7	739.9	163.933043	42	16	Pt28	0.014147657	0.003518152	0.029975058	0.059137832	0	0.023854677	0.059919042	0.019569287	0.02153563	0.034775045	0.73356762
Pt29	ZNF410	VGPDGEETRAQTVQKSRSFCPLQSLLACCKIYSQVIALLLFFLT	NA	NA	0.227272727273	0.322	11.6354325217	16.5021686419	VGPDGEETRAQTVQKSRSFCPLQSLLACCKIYSQVIALLLFFLT	1	0	0.78967	104.8	104.8	HLA-DRB1*15:01	HLA-DRB1*15:01	SRSFCPLQSLLACCK	SSSACPRATRLRCCR	148.27	4737.7	HLA-C*16:01	HLA-C*16:01	NA	RSFCPLQSL	REFCPLYYL	NA	23.61	9602.2	HLA-C*16:01	HLA-C*16:01	RSFCPLQSL	REFCPLYYL	23.61	9602.2	2.71	2.14	HLA-DQA1*01:02-DQB1*06:02	HLA-DQA1*01:02-DQB1*06:02	GEETRAQTVQKSRSF	GEETRAQTVQKSPEF	HLA-A*02:01	HLA-A*02:01	KIYSQVIAL	KTYSQVIAL	0.068	0.352	0.068	0.352	HLA-A*02:01	HLA-A*02:01	KIYSQVIAL	KTYSQVIAL	1	0	9578.6	0	0	3.7466	1	0	2	0	3	0	161	245	-0.23191	-0.34567	1	HLA-DRB1*15:01	QDLQPSDSTSFILLN	KIYSQVIALLLFFLT	15	46.04	1.76	HLA-C*07:02	EFLSTSES	SFCPLQSL	8	38	0.3	HLA-DPA1*01:03-DPB1*02:01	KIYSQVIALLLFFLT	1.49	HLA-A*02:01	KIYSQVIAL	0.3	0.43539	NA	1	0.17726	NA	HLA-A*29:02	QVIALLLFF	0.03	0.20428	6e-5	6e-5	0.11366	0.00617	NM_021188	0.9751563717824014	0.7595660831486246	NA	NA	uc001xoz.2	NA	0.322	0.322	0	0.227272727273	NA	96	90	146	220	NA	1	uc001xoz.2#exon.3	0	660	GTGGGTCCAGACGGAGAGGAGACGAGAGCTCAGACTGTACAGAAATCCCGGAGTTTTTGTCCACTTCAGAGTCTTCTAGCTTGTTGCAAGATCTACAGCCAAGTGATAGCACTTCTTTTATTCTTCTTAACC	chr14_74363137	1	1	NA	NA	uc010arz.2 uc001xpb.2	0	1	NA	NA	11.6354325217	288	10.881	40.765	HLA-A*02:01,HLA-A*29:02,HLA-B*07:02,HLA-B*44:03,HLA-C*07:02,HLA-C*16:01	HLA-DRB1*15:01,HLA-DRB1*13:02,HLA-DQA1*01:02,HLA-DQA1*01:02,HLA-DQB1*06:02,HLA-DQB1*06:04,HLA-DPA1*01:03,HLA-DPA1*02:01,HLA-DPB1*10:01,HLA-DPB1*02:01	63	TRUE	SKCM	skin	615	611	369	4	2	265	11954	SRR5134828	SRR5134819	SRR5088909	#NV	NIV3-NAIVE	PD	no	Dead	39	273	167.02151	412	238	Pt29	0.014474862	0.068831023	0.077277037	0.041861567	0	0.042051702	0.082993088	0.008427772	0.034770313	0.042578959	0.586733677
Pt29	PSCA	VPQASVPLLTHPA	NA	NA	0.258426966292	-1	0	0.7336622773	VPQASVPLLTHPA	0	NA	NA	0.43244	0.82432	NA	NA	NA	NA	NA	NA	HLA-B*07:02	HLA-B*07:02	NA	VPQASVPLL	VPQSSYPLL	NA	147.23	125.95	HLA-B*07:02	HLA-B*07:02	VPQASVPL	IPRASIPV	112.77	49.49	NA	NA	NA	NA	NA	NA	HLA-B*07:02	HLA-B*07:02	VPQASVPLL	VPQSSYPLL	0.139	0.138	0.139	0.138	HLA-B*07:02	HLA-B*07:02	VPQASVPLL	VPQSSYPLL	0	NA	-63.28	0	NA	NA	0	NA	0	NA	0	NA	100	NA	-0.13631	NA	0	NA	NA	NA	0	NA	999	NA	NA	NA	0	NA	999	HLA-DRB1*15:01	VPQASVPLLTHPA	17.2	HLA-B*07:02	VPQASVPLL	0.6	0.31396	NA	2	0.68503	NA	HLA-B*07:02	VPQASVPLL	0.2	0.18172	NA	0.01511	0	0.01246	NA	0.9297696374723315	NA	0.9297696374723315	NA	uc022bcd.1	NA	-1	-1	0	0.258426966292	NA	78	0	104	267	2	1	uc022bcd.1#exon.2	0	525	GTGCCCCAGGCCTCTGTGCCACTCCTCACACACCCGGCC	chr8_143763626	1	6	chr8_143763621	SNP_replicate_1	NA	0	1	rejected:more_than_two_mutations	Q79-	0	234	1.7819	NA	HLA-A*02:01,HLA-A*29:02,HLA-B*07:02,HLA-B*44:03,HLA-C*07:02,HLA-C*16:01	HLA-DRB1*15:01,HLA-DRB1*13:02,HLA-DQA1*01:02,HLA-DQA1*01:02,HLA-DQB1*06:02,HLA-DQB1*06:04,HLA-DPA1*01:03,HLA-DPA1*02:01,HLA-DPB1*10:01,HLA-DPB1*02:01	63	TRUE	SKCM	skin	615	611	369	4	2	265	11954	SRR5134828	SRR5134819	SRR5088909	#NV	NIV3-NAIVE	PD	no	Dead	39	273	167.02151	412	238	Pt29	0.014474862	0.068831023	0.077277037	0.041861567	0	0.042051702	0.082993088	0.008427772	0.034770313	0.042578959	0.586733677
Pt3	C12orf62	IGYKTFSTSMMLLTVYGGTSAVSESTTISSGAGPSARPQKNRRPQESCRTGGLFLLSREAQGMLWRDFTCHHFQVNRTRALMVFKPCWKKVPMVSLVLPV	NA	NA	0.288288288288	0.198	36.2392921726	45.5100442913	IGYKTFSTSMMLLTVYGGTSAVSESTTISSGAGPSARPQKNRRPQESCRTGGLFLLSREAQGMLWRDFTCHHFQVNRTRALMVFKPCWKKVPMVSLVLPV	1	1	1117.7	11.025	11.025	HLA-DRB1*01:02	HLA-DRB1*01:02	HHFQVNRTRALMVFK	NHYQINSIQKKQLFK	20.72	448.38	HLA-C*12:03	HLA-C*12:03	NA	TVYGGTSAV	TQYGGTGAL	NA	15.83	184.17	HLA-C*12:03	HLA-C*12:03	TVYGGTSAV	TQYGGTGAL	15.83	184.17	0.03	33.53	HLA-DPA1*01:03-DPB1*02:01	HLA-DPA1*01:03-DPB1*02:01	WRDFTCHHFQVNRTR	WRNHHCSHFTDEENR	HLA-C*12:03	HLA-C*12:03	FQVNRTRAL	FQVNHTVAL	0.103	0.134	0.103	0.134	HLA-C*12:03	HLA-C*12:03	FQVNRTRAL	FQVNHTVAL	1	1	168.34	0.00381	0	7.1754	2	0	2	6	4	6	206	285	-0.01432	0.05918	1	HLA-DRB1*01:02	TFSTSMMLLTVYGGY	TFSTSMMLLTVYGGT	15	1.4	1.4	HLA-B*39:01	NA	HHFQVNRTRAL	11	NA	0.2	HLA-DPA1*01:03-DPB1*02:01	LWRDFTCHHFQVNRTR	0.0374	HLA-B*44:03	QESCRTGGL	0.6	0.3163	NA	2	0.20339	NA	HLA-A*23:01	LWRDFTCHHF	0.2	0.18576	0	0.99994	0.21621	11.024	NM_032901	0.8999966236552367	0.7912370029157653	NA	NA	uc001rwb.1	NA	0.198	0.198	0	0.288288288288	NA	24	172	66	111	NA	2	uc001rwb.1#exon.1	0	44	ATTGGCTATAAGACCTTCTCTACCTCCATGATGCTTCTCACTGTGTATGGGGGTACCTCTGCAGTGTCCGAGTCTACCACTATTTCCAGTGGCGCAGGGCCCAGCGCCAGGCCGCAGAAGAACAGAAGACCTCAGGAATCATGTAGAACTGGGGGGCTTTTTCTCCTGAGCAGAGAGGCCCAAGGCATGCTGTGGAGAGACTTCACCTGCCACCATTTCCAGGTCAACAGGACTAGAGCGTTGATGGTTTTCAAACCCTGTTGGAAGAAAGTGCCCATGGTTTCTCTGGTTCTGCCAGTT	chr12_50513900	1	1	NA	NA	NA	0	1	NA	NA	36.2392921726	74	9.2586	66.434	HLA-A*01:01,HLA-A*23:01,HLA-B*39:01,HLA-B*44:03,HLA-C*12:03,HLA-C*04:01	HLA-DRB1*10:01,HLA-DRB1*01:02,HLA-DQA1*01:01,HLA-DQA1*01:05,HLA-DQB1*05:01,HLA-DQB1*05:01,HLA-DPA1*01:03,HLA-DPA1*01:03,HLA-DPB1*104:01,HLA-DPB1*02:01	55	TRUE	SKCM	skin	277	272	161	5	1	115	12200	SRR5134838	SRR5134912	SRR5088878	SRR5088877	NIV3-NAIVE	PR	yes	Alive	163.4	1143.8	142.53648	182	119	Pt3	0.004274012	0.0311708	0.012575424	0	0.098617843	0.010049514	0.03034463	3.61368e-4	0.007389203	0.020176353	0.785040853
Pt3	C12orf62	IGYKTFSTSMMLLTVYGGTSAVSESTTISSGAGPSARPQKNRRPQESC	NA	NA	0.288288288288	0.198	0.00536211150125	45.5100442913	IGYKTFSTSMMLLTVYGGTSAVSESTTISSGAGPSARPQKNRRPQESC	1	0	0.60137	11.025	11.025	HLA-DRB1*10:01	HLA-DRB1*10:01	STSMMLLTVYGGTSA	SPALLLLTTLLGTAS	70.74	78.94	HLA-C*12:03	HLA-C*12:03	NA	TVYGGTSAV	TQYGGTGAL	NA	15.83	184.17	HLA-C*12:03	HLA-C*12:03	TVYGGTSAV	TQYGGTGAL	15.83	184.17	5.82	3.5	HLA-DRB1*01:02	HLA-DRB1*01:02	STTISSGAGPSARPQ	SNVLISGHGPGAHPQ	HLA-C*12:03	HLA-C*12:03	TVYGGTSAV	TQYGGTGAL	0.119	0.719	0.119	0.719	HLA-C*12:03	HLA-C*12:03	TVYGGTSAV	TQYGGTGAL	1	0	168.34	0.00381	0	0.00106	1	0	1	0	2	0	206	340	-0.01432	-0.3476	1	HLA-DRB1*01:02	TFSTSMMLLTVYGGY	TFSTSMMLLTVYGGT	15	1.4	1.4	HLA-B*44:03	VRVYHYFQWR	SESTTISSGA	10	24.5	1.1	HLA-DRB1*10:01	FSTSMMLLTVYGGTS	0.31	HLA-C*12:03	TVYGGTSAV	0.9	0.26218	NA	3	0.57607	NA	HLA-A*01:01	VSESTTISS	0.6	0.17546	0.99994	0.99994	0.00135	11.024	NM_032901	0.928145207734385	0.8428659356475029	NA	NA	uc021qxs.1	NA	0.198	0.198	0	0.288288288288	NA	24	172	66	111	NA	2	uc021qxs.1#exon.0	0	296	ATTGGCTATAAGACCTTCTCTACCTCCATGATGCTTCTCACTGTGTATGGGGGTACCTCTGCAGTGTCCGAGTCTACCACTATTTCCAGTGGCGCAGGGCCCAGCGCCAGGCCGCAGAAGAACAGAAGACCTCAGGAATCATGT	chr12_50513900	1	1	NA	NA	NA	0	2	NA	NA	0.00536211150125	74	2.4923	0.00265	HLA-A*01:01,HLA-A*23:01,HLA-B*39:01,HLA-B*44:03,HLA-C*12:03,HLA-C*04:01	HLA-DRB1*10:01,HLA-DRB1*01:02,HLA-DQA1*01:01,HLA-DQA1*01:05,HLA-DQB1*05:01,HLA-DQB1*05:01,HLA-DPA1*01:03,HLA-DPA1*01:03,HLA-DPB1*104:01,HLA-DPB1*02:01	55	TRUE	SKCM	skin	277	272	161	5	1	115	12200	SRR5134838	SRR5134912	SRR5088878	SRR5088877	NIV3-NAIVE	PR	yes	Alive	163.4	1143.8	142.53648	182	119	Pt3	0.004274012	0.0311708	0.012575424	0	0.098617843	0.010049514	0.03034463	3.61368e-4	0.007389203	0.020176353	0.785040853
Pt30	TRIOBP	AESSQSWHSGTPTAVGLGGRGSVSIPAWL	NA	NA	0.139130434783	-1	0.0152343070033	16.8778108194	AESSQSWHSGTPTAVGLGGRGSVSIPAWL	0	0	0.76923	0.29039	0.29039	HLA-DQA1*05:05-DQB1*03:01	HLA-DQA1*05:05-DQB1*03:01	SQSWHSGTPTAVGLG	SQSWHSGTPTAVGWG	21.08	22.25	HLA-A*24:02	HLA-A*24:02	NA	RGSVSIPAW	RGQVSLGAW	NA	8625.9	10078	HLA-A*24:02	HLA-A*24:02	RGSVSIPAW	RGQVSLGAW	8625.9	10078	0.13	0.1	HLA-DQA1*05:05-DQB1*03:01	HLA-DQA1*05:05-DQB1*03:01	SQSWHSGTPTAVGLG	SQSWHSGTPTAVGWG	HLA-A*24:02	HLA-A*24:02	RGSVSIPAW	RGQVSLGAW	3.188	8.175	3.188	8.175	HLA-A*24:02	HLA-A*24:02	RGSVSIPAW	RGQVSLGAW	0	1	1452.6	0	0	NA	0	0	0	6	0	6	139	397	-0.02512	0.23647	1	HLA-DRB1*03:01	TAVGWGAEGACPYPR	TAVGLGGRGSVSIPA	15	22.39	12.17	HLA-C*07:01	WHSGTPTAVGW	WHSGTPTAVGL	11	6.9	0.5	HLA-DQA1*05:05-DQB1*03:01	SSQSWHSGTPTAVGL	0.0227	HLA-C*07:01	SGTPTAVGL	7	-0.07631	NA	3	5.6697	NA	HLA-C*07:01	GRGSVSIPAWL	2	0.16908	0.99618	0.00761	1e-5	0.00221	NA	0.9023622174649444	0.9552426151624096	NA	NA	uc003atu.3	NA	-1	-1	0	0.139130434783	NA	1365	0	90	461	NA	1	uc003atu.3#exon.6	0	111	GCAGAGTCCTCACAATCCTGGCACTCTGGGACACCCACTGCTGTGGGCCTGGGGGGCAGAGGGAGCGTGTCCATACCCGCGTGGCTC	chr22_38130955	1	1	NA	NA	uc003atr.3	0	1	NA	NA	0.0152343070033	4096	0	NA	HLA-A*24:02,HLA-A*01:01,HLA-B*08:01,HLA-B*08:01,HLA-C*07:01,HLA-C*07:02	HLA-DRB1*11:01,HLA-DRB1*03:01,HLA-DQA1*05:05,HLA-DQA1*06:01,HLA-DQB1*02:01,HLA-DQB1*03:01,HLA-DPA1*01:03,HLA-DPA1*01:03,HLA-DPB1*02:01,HLA-DPB1*03:01	87	TRUE	SKCM	skin	79	69	44	10	5	39	13309	SRR5134907	SRR5134756	SRR5088911	SRR5088910	NIV3-NAIVE	CR	yes	Alive	150.4	1052.8	166.674959	66	35	Pt30	0.013926625	0.005088484	0.007428056	0.066705629	0	0.016771481	0.010726921	0.005397957	0.006942439	0.008356012	0.858656396
Pt30	HLTF	SFHVLNSKMLSLQMTF	NA	NA	0.371621621622	0.423	13.1329563552	7.4597129983	SFHVLNSKMLSLQMTF	0	0	3.4507	0.19695	0.19695	HLA-DRB1*11:01	HLA-DRB1*11:01	SFHVLNSKMLSLQMT	SFHLLNQAIPMLQNT	77.84	369.55	HLA-A*24:02	HLA-A*24:02	NA	KMLSLQMTF	KMLTNWFTF	NA	49.31	9.74	HLA-A*24:02	HLA-A*24:02	KMLSLQMTF	KMLTNWFTF	49.31	9.74	21.92	75.64	HLA-DPA1*01:03-DPB1*02:01	HLA-DPA1*01:03-DPB1*02:01	SFHVLNSKMLSLQMT	SFHLLNQAIPMLQNT	HLA-B*08:01	HLA-B*08:01	VLNSKMLSL	VLNQKRLSL	0.019	0.005	0.019	0.005	HLA-B*08:01	HLA-B*08:01	VLNSKMLSL	VLNQKRLSL	1	0	-39.57	0.99999	0	5.5552	0	0	1	0	1	0	177	198	-0.26723	-0.88986	0	HLA-DRB1*11:01	MSWMFKRDPVWKYLQ	SFHVLNSKMLSLQMT	15	9.29	2.42	HLA-C*07:01	SWMFKRDPVWK	FHVLNSKMLSL	11	87	0.4	HLA-DPA1*01:03-DPB1*02:01	SFHVLNSKMLSLQM	0.99	HLA-B*08:01	VLNSKMLSL	0.04	0.62145	NA	2	0.0526	NA	HLA-B*08:01	VLNSKMLSL	0.03	0.1957	1	0	0.27871	0	NM_003071	0.9245536365494118	0.8296860044919838	0.9245536365494118	NA	uc003ewr.1	NA	0.423	0.423	0	0.371621621622	NA	-1	26	68	148	10000000	1	uc003ewr.1#exon.0	0	140	TGTCCTGGATGTTCAAGAGGGATCCAGTTTGGAAGTACTTGCAGACTG	chr3_148804122	1	2	NA	NA	uc003ews.1 uc003ewq.1 uc010hve.1	0	1	NA	NA	13.1329563552	-2	3.4663	19.256	HLA-A*24:02,HLA-A*01:01,HLA-B*08:01,HLA-B*08:01,HLA-C*07:01,HLA-C*07:02	HLA-DRB1*11:01,HLA-DRB1*03:01,HLA-DQA1*05:05,HLA-DQA1*06:01,HLA-DQB1*02:01,HLA-DQB1*03:01,HLA-DPA1*01:03,HLA-DPA1*01:03,HLA-DPB1*02:01,HLA-DPB1*03:01	87	TRUE	SKCM	skin	79	69	44	10	5	39	13309	SRR5134907	SRR5134756	SRR5088911	SRR5088910	NIV3-NAIVE	CR	yes	Alive	150.4	1052.8	166.674959	66	35	Pt30	0.013926625	0.005088484	0.007428056	0.066705629	0	0.016771481	0.010726921	0.005397957	0.006942439	0.008356012	0.858656396
Pt30	HACE1	FLQGFHMFIPPSLIQRI	NA	NA	0.581395348837	0.895	0.8811608513439999	1.707101895	FLQGFHMFIPPSLIQRI	0	0	2.0042	1.3541	0.22335	HLA-DRB1*11:01	HLA-DRB1*11:01	LQGFHMFIPPSLIQR	VRGEHIFTLDTLVQR	168.13	845.38	HLA-C*07:02	HLA-C*07:02	NA	FIPPSLIQR	FLPPLLIER	NA	9393.7	5661.6	HLA-A*24:02	HLA-A*24:02	MFIPPSLIQRI	MFLPPLLIERL	1225.9	3306.8	18.83	37.74	HLA-DPA1*01:03-DPB1*02:01	HLA-DPA1*01:03-DPB1*02:01	LQGFHMFIPPSLIQR	VRGEHIFTLDTLVQR	HLA-C*07:02	HLA-C*07:02	FIPPSLIQR	FLPPLLIER	1.299	0.881	0.883	1.091	HLA-A*24:02	HLA-A*24:02	MFIPPSLIQRI	MFLPPLLIERL	0	0	2080.9	0	0	0.78864	0	0	0	0	0	0	210	277	0.01566	0.0844	1	HLA-DRB1*11:01	LQGFHMFIPPSLIQL	LQGFHMFIPPSLIQR	15	1.81	1.81	HLA-C*07:02	MFIPPSLIQLF	MFIPPSLIQRI	11	0.3	1	HLA-DPA1*01:03-DPB1*03:01	LQGFHMFIPPSLIQR	3.17	HLA-A*24:02	MFIPPSLIQRI	3	0.08051	NA	4	1.7413	NA	HLA-A*24:02	IPPSLIQRI	3	0.16653	0.8	0	0.38418	0	NM_020771	0.9118466280533756	0.7587129198332717	NA	NA	uc003pqt.1	NA	0.895	0.895	0	0.581395348837	NA	427	19	101	80	10000000	1	uc003pqt.1#exon.8	0	7	TTTTTACAGGGCTTTCATATGTTCATTCCACCCTCCCTCATACAGCGAATA	chr6_105198226	1	2	NA	NA	uc010kcy.1 uc003pqu.1 uc010kcx.1 uc010kcz.1	0	1	NA	NA	0.8811608513439999	1281	0.00318	0.00251	HLA-A*24:02,HLA-A*01:01,HLA-B*08:01,HLA-B*08:01,HLA-C*07:01,HLA-C*07:02	HLA-DRB1*11:01,HLA-DRB1*03:01,HLA-DQA1*05:05,HLA-DQA1*06:01,HLA-DQB1*02:01,HLA-DQB1*03:01,HLA-DPA1*01:03,HLA-DPA1*01:03,HLA-DPB1*02:01,HLA-DPB1*03:01	87	TRUE	SKCM	skin	79	69	44	10	5	39	13309	SRR5134907	SRR5134756	SRR5088911	SRR5088910	NIV3-NAIVE	CR	yes	Alive	150.4	1052.8	166.674959	66	35	Pt30	0.013926625	0.005088484	0.007428056	0.066705629	0	0.016771481	0.010726921	0.005397957	0.006942439	0.008356012	0.858656396
Pt30	NOL7	VKRAAVQFLNNAWGIQKKTKCQEV	NA	NA	0.16058394160599998	0.36	85.96440350889999	39.2749993582	VKRAAVQFLNNAWGIQKKTKCQEV	0	1	17.25	0.24884	0.24884	HLA-DRB1*11:01	HLA-DRB1*11:01	VQFLNNAWGIQKKTK	INFQQKKWTLQKETQ	364.57	768.25	HLA-B*08:01	HLA-B*08:01	NA	QKKTKCQEV	QRKKKCKEL	NA	2392.1	724.66	HLA-B*08:01	HLA-B*08:01	QKKTKCQEV	QRKKKCKEL	2392.1	724.66	3	51.75	HLA-DRB1*11:01	HLA-DRB1*11:01	NNAWGIQKKTKCQEV	NKGWALDNMVLCNEV	HLA-B*08:01	HLA-B*08:01	QKKTKCQEV	QRKKKCKEL	0.936	0.333	0.936	0.333	HLA-B*08:01	HLA-B*08:01	QKKTKCQEV	QRKKKCKEL	0	0	-1667.5	0	0	30.947	0	0	0	0	0	0	218	276	-0.12095	-0.04448	0	HLA-DRB1*11:01	QFLNNAWGIQKKQNA	QFLNNAWGIQKKTKC	15	2.21	2.65	HLA-B*08:01	QKKQNAKRF	QKKTKCQEV	9	16	5	HLA-DRB1*11:01	LNNAWGIQKKTKCQEV	3.65	HLA-B*08:01	QKKTKCQEV	0.5	0.29997	NA	4	2.418	NA	HLA-B*08:01	QKKTKCQEV	2	0.17109	0	0	0.14982	0	NM_016167	0.9225158669590882	0.7702733324573685	0.9225158669590882	NA	uc003naz.3	NA	0.36	0.36	0	0.16058394160599998	NA	235	381	37	138	NA	1	uc003naz.3#exon.7	0	71	GTGAAAAGAGCTGCTGTCCAGTTTTTGAATAATGCTTGGGGAATCCAAAAAAAAACAAAATGCCAAGAGGTT	chr6_13620990	1	1	NA	NA	NA	0	1	NA	NA	85.96440350889999	705	0	4e-5	HLA-A*24:02,HLA-A*01:01,HLA-B*08:01,HLA-B*08:01,HLA-C*07:01,HLA-C*07:02	HLA-DRB1*11:01,HLA-DRB1*03:01,HLA-DQA1*05:05,HLA-DQA1*06:01,HLA-DQB1*02:01,HLA-DQB1*03:01,HLA-DPA1*01:03,HLA-DPA1*01:03,HLA-DPB1*02:01,HLA-DPB1*03:01	87	TRUE	SKCM	skin	79	69	44	10	5	39	13309	SRR5134907	SRR5134756	SRR5088911	SRR5088910	NIV3-NAIVE	CR	yes	Alive	150.4	1052.8	166.674959	66	35	Pt30	0.013926625	0.005088484	0.007428056	0.066705629	0	0.016771481	0.010726921	0.005397957	0.006942439	0.008356012	0.858656396
Pt30	TMEM8C	MFGVLTIAVRIYHDRWLRGVLGPHRHSHPHHRGKVATEDEGEEGPVPRQERLHPADRPRPLLRGAGPDATLLL	NA	NA	0.447852760736	-1	0	0	MFGVLTIAVRIYHDRWLRGVLGPHRHSHPHHRGKVATEDEGEEGPVPRQERLHPADRPRPLLRGAGPDATLLL	0	1	1055	0.69574	0.69574	HLA-DRB1*11:01	HLA-DRB1*11:01	GVLTIAVRIYHDRWL	GVILYAESIDHSAWL	41.86	820.51	HLA-B*08:01	HLA-B*08:01	NA	HPADRPRPL	HPGDRVQPL	NA	208.13	151.38	HLA-B*08:01	HLA-B*08:01	HPADRPRPL	HPGDRVQPL	208.13	151.38	0.06	63.3	HLA-DQA1*06:01-DQB1*02:01	HLA-DQA1*06:01-DQB1*02:01	RGKVATEDEGEEGPV	RNKRSKSNEGADGPV	HLA-B*08:01	HLA-B*08:01	HPADRPRPL	HPGDRVQPL	0.035	0.03	0.035	0.03	HLA-B*08:01	HLA-B*08:01	HPADRPRPL	HPGDRVQPL	0	1	-56.75	0	0	NA	0	2	0	9	0	11	166	225	0.06178	0.64524	0	HLA-DRB1*11:01	GVLTIAVRIYHDRWG	GVLTIAVRIYHDRWL	15	1.32	1.32	HLA-C*07:02	IYHDRWGYGVY	IYHDRWLRGVL	11	0.3	0.2	HLA-DRB1*11:01	GVLTIAVRIYHDRWL	0.176	HLA-B*08:01	HPHHRGKVA	0.9	0.20835	NA	3	0.09355	NA	HLA-C*07:01	VRIYHDRWL	0.2	0.18876	0	0	0	0	NM_001080483	0.8795076625612872	0.7788825121044147	0.8795076625612872	NA	uc011mdk.2	NA	-1	-1	0	0.447852760736	NA	112	0	87	165	10000000	1	uc011mdk.2#exon.2	0	18	ATGTTCGGCGTCCTGACCATTGCTGTGCGGATCTACCATGACCGATGGCTACGGGGTGTACTCGGGCCCCATCGGCACAGCCATCCTCATCATCGCGGCAAAGTGGCTACAGAAGATGAAGGAGAAGAAGGGCCTGTACCCAGACAAGAGCGTCTACACCCAGCAGATAGGCCCCGGCCTCTGCTTCGGGGCGCTGGCCCTGATGCTACGCTTCTTCTT	chr9_136384052	1	2	NA	NA	NA	0	1	NA	NA	0	338	2.6574	NA	HLA-A*24:02,HLA-A*01:01,HLA-B*08:01,HLA-B*08:01,HLA-C*07:01,HLA-C*07:02	HLA-DRB1*11:01,HLA-DRB1*03:01,HLA-DQA1*05:05,HLA-DQA1*06:01,HLA-DQB1*02:01,HLA-DQB1*03:01,HLA-DPA1*01:03,HLA-DPA1*01:03,HLA-DPB1*02:01,HLA-DPB1*03:01	87	TRUE	SKCM	skin	79	69	44	10	5	39	13309	SRR5134907	SRR5134756	SRR5088911	SRR5088910	NIV3-NAIVE	CR	yes	Alive	150.4	1052.8	166.674959	66	35	Pt30	0.013926625	0.005088484	0.007428056	0.066705629	0	0.016771481	0.010726921	0.005397957	0.006942439	0.008356012	0.858656396
Pt31	DYRK2	EGMGKVKATPMTPEQDEAIHAKTHSLRTP	NA	NA	0.26016260162599997	0.442	3.835742184119999	6.019908405	EGMGKVKATPMTPEQDEAIHAKTHSLRTP	0	1	9.4625	3.8714	3.8714	HLA-DQA1*01:02-DQB1*06:09	HLA-DQA1*01:02-DQB1*06:09	KVKATPMTPEQDEAI	QIKQEPMSPEQDENV	1040.7	2639.1	HLA-B*07:02	HLA-B*07:02	NA	AIHAKTHSL	AVHAKTHGL	NA	267.44	1501.9	HLA-B*07:02	HLA-B*07:02	AIHAKTHSL	AVHAKTHGL	267.44	1501.9	0.8	7.57	HLA-DQA1*01:02-DQB1*06:09	HLA-DQA1*01:02-DQB1*06:09	ATPMTPEQDEAIHAK	STPPQSEEDEAVDKK	HLA-B*14:02	HLA-B*14:02	AIHAKTHSL	AVHAKTHGL	0.158	0.993	0.06	0.283	HLA-B*14:02	HLA-B*14:02	IHAKTHSL	VHAKTHGL	0	1	1234.4	0	0	1.6954	0	0	0	1	0	1	176	309	-0.19295	-0.03469	1	HLA-DRB1*13:02	GMGKVKATPMTPEQA	GMGKVKATPMTPEQD	15	23.46	23.8	HLA-B*14:02	MKQYMQKLTA	EAIHAKTHSL	10	32	0.2	HLA-DPA1*01:03-DPB1*04:01	ATPMTPEQDEAIHA	4.15	HLA-A*02:01	AIHAKTHSL	0.3	0.39265	NA	2	0.23198	NA	HLA-A*02:01	AIHAKTHSL	0.4	0.18054	0	0.5	0.19494	1.9357	NM_003583	0.9657589153351877	0.8612099590598045	NA	NA	uc021raa.1	NA	0.442	0.442	0	0.26016260162599997	NA	85	43	44	127	NA	1	uc021raa.1#exon.0	0	38	GAAGGCATGGGGAAGGTGAAAGCCACCCCCATGACACCTGAACAAGATGAAGCAATACATGCAAAAACTCACAGCCTTCGAACACCA	chr12_68051161	1	1	NA	NA	uc001sts.4 uc001str.4	0	1	NA	NA	3.835742184119999	255	0.69591	1.1798	HLA-A*02:01,HLA-A*02:01,HLA-B*07:02,HLA-B*14:02,HLA-C*07:02,HLA-C*08:02	HLA-DRB1*15:01,HLA-DRB1*13:02,HLA-DQA1*01:02,HLA-DQA1*01:02,HLA-DQB1*06:09,HLA-DQB1*06:02,HLA-DPA1*01:03,HLA-DPA1*01:03,HLA-DPB1*04:01,HLA-DPB1*04:01	59	TRUE	SKCM	skin	641	637	409	4	3	300	11634	SRR5134867	SRR5134885	SRR5088913	SRR5088912	NIV3-NAIVE	PD	no	Alive	137.3	961.1	161.015665	450	294	Pt31	0.01766323	0.03998134	0.060897322	0.054259093	0	0.026832953	0.04507112	0.031702965	0.05819589	0.040936166	0.624459921
Pt31	LPCAT1	FARLVRGLGLKPEKLDRYSERARMKGGEK	NA	NA	0.152173913043	0.398	12.0818658623	20.2213436322	FARLVRGLGLKPEKLDRYSERARMKGGEK	0	1	20.719	1.683	1.683	HLA-DRB1*15:01	HLA-DRB1*15:01	ARLVRGLGLKPEKLD	ARLVRGLGLKPEKLE	405.05	389.51	HLA-A*02:01	HLA-A*02:01	NA	KLDRYSERA	KIDRISERA	NA	1558.1	12292	HLA-A*02:01	HLA-A*02:01	KLDRYSERA	KIDRISERA	1558.1	12292	3.42	70.86	HLA-DRB1*15:01	HLA-DRB1*15:01	PEKLDRYSERARMKG	PSKKPRYSESSGTQG	HLA-C*07:02	HLA-C*07:02	LKPEKLDRY	VKPEKLDAF	0.923	0.677	0.923	0.677	HLA-C*07:02	HLA-C*07:02	LKPEKLDRY	VKPEKLDAF	0	0	10734	0	0	4.8086	0	0	0	0	0	0	170	237	0.01469	-0.18229	0	HLA-DRB1*15:01	ARLVRGLGLKPEKLE	ARLVRGLGLKPEKLD	15	7.02	7.08	HLA-B*07:02	KPEKLEKDLD	KPEKLDRYSE	10	5.35	3.8	HLA-DPA1*01:03-DPB1*04:01	RGLGLKPEKLDRYSER	4.89	HLA-A*02:01	KLDRYSERA	0.6	0.30784	NA	3	2.1613	NA	HLA-A*02:01	KLDRYSERA	2	0.16904	2.4e-4	0	0.13257	0	NM_024830	0.9487144516877662	0.9903213038219532	0.9487144516877662	NA	uc003jcm.3	NA	0.398	0.398	0	0.152173913043	NA	348	83	63	183	10000000	1	uc003jcm.3#exon.10	0	99	TTTGCCAGGCTCGTGCGGGGCCTCGGGCTAAAACCAGAAAAGCTTGACAGATACTCAGAAAGAGCCAGGATGAAGGGAGGAGAGAAG	chr5_1474191	1	2	NA	NA	NA	0	1	NA	NA	12.0818658623	1045	3.5e-4	0.00168	HLA-A*02:01,HLA-A*02:01,HLA-B*07:02,HLA-B*14:02,HLA-C*07:02,HLA-C*08:02	HLA-DRB1*15:01,HLA-DRB1*13:02,HLA-DQA1*01:02,HLA-DQA1*01:02,HLA-DQB1*06:09,HLA-DQB1*06:02,HLA-DPA1*01:03,HLA-DPA1*01:03,HLA-DPB1*04:01,HLA-DPB1*04:01	59	TRUE	SKCM	skin	641	637	409	4	3	300	11634	SRR5134867	SRR5134885	SRR5088913	SRR5088912	NIV3-NAIVE	PD	no	Alive	137.3	961.1	161.015665	450	294	Pt31	0.01766323	0.03998134	0.060897322	0.054259093	0	0.026832953	0.04507112	0.031702965	0.05819589	0.040936166	0.624459921
Pt31	C6orf7	SGFLVSLTSRMKP	NA	NA	0.271428571429	-1	0.7510409350280001	0	SGFLVSLTSRMKP	0	NA	NA	0.23178	0.15931	NA	NA	NA	NA	NA	NA	HLA-A*02:01	HLA-A*02:01	NA	SGFLVSLTS	SGFLGELTS	NA	18371	23990	HLA-A*02:01	HLA-A*02:01	SGFLVSLTSRM	AGFLAKMTSRL	8326.8	4584.1	NA	NA	NA	NA	NA	NA	HLA-B*14:02	HLA-B*14:02	SGFLVSLTS	SGFLGELTS	15.683	15.748	8.459	5.792	HLA-A*02:01	HLA-A*02:01	SGFLVSLTSRM	AGFLAKMTSRL	0	NA	-3742.6	0	NA	NA	0	NA	0	NA	0	NA	142	NA	-0.03808	NA	0	NA	NA	NA	0	NA	999	NA	NA	NA	0	NA	999	HLA-DPA1*01:03-DPB1*04:01	SGFLVSLTSRMKP	5.32	HLA-B*14:02	SGFLVSLTS	17	-0.20991	NA	5	13.769	NA	HLA-B*14:02	SGFLVSLTS	3	0.16692	NA	0	0	0	NM_001243308	0.9200691645352984	NA	0.9200691645352984	NA	uc021zcb.1	NA	-1	-1	0	0.271428571429	NA	58	0	15	70	NA	1	uc021zcb.1#exon.1	0	866	AGTGGGTTCTTGGTCTCGCTGACTTCAAGAATGAAGCCT	chr6_80516940	1	1	NA	NA	NA	0	1	NA	W59-	0.7510409350280001	175	0	NA	HLA-A*02:01,HLA-A*02:01,HLA-B*07:02,HLA-B*14:02,HLA-C*07:02,HLA-C*08:02	HLA-DRB1*15:01,HLA-DRB1*13:02,HLA-DQA1*01:02,HLA-DQA1*01:02,HLA-DQB1*06:09,HLA-DQB1*06:02,HLA-DPA1*01:03,HLA-DPA1*01:03,HLA-DPB1*04:01,HLA-DPB1*04:01	59	TRUE	SKCM	skin	641	637	409	4	3	300	11634	SRR5134867	SRR5134885	SRR5088913	SRR5088912	NIV3-NAIVE	PD	no	Alive	137.3	961.1	161.015665	450	294	Pt31	0.01766323	0.03998134	0.060897322	0.054259093	0	0.026832953	0.04507112	0.031702965	0.05819589	0.040936166	0.624459921
Pt4	HSD17B1	FTTERFLPLLRMRLDDPAAPTTSPPCTGKCSATFRQRPRLGPRLGAGPGLGQRTRPGAVRWGTLSSAILRPPRSKGFLSRCLPRPSLSPGSVWSLGMGRR	NA	NA	0.207142857143	0.75	0.0449117138155	7.5205621239	FTTERFLPLLRMRLDDPAAPTTSPPCTGKCSATFRQRPRLGPRLGAGPGLGQRTRPGAVRWGTLSSAILRPPRSKGFLSRCLPRPSLSPGSVWSLGMGRR	0	0	2.3562	0.83297	0.83297	HLA-DRB1*07:01	HLA-DRB1*07:01	PGAVRWGTLSSAILR	PGKLSWGTMARALGR	89.19	200.07	HLA-A*24:02	HLA-A*24:02	NA	RWGTLSSAI	RWGVACSAI	NA	313.07	282.91	HLA-A*24:02	HLA-A*24:02	RWGTLSSAI	RWGVACSAI	313.07	282.91	0.73	1.72	HLA-DPA1*01:03-DPB1*03:01	HLA-DPA1*01:03-DPB1*03:01	LRMRLDDPAAPTTSP	LRQRLRSPTAPFTSP	HLA-C*06:02	HLA-C*06:02	LRPPRSKGF	LIPPQSQGF	0.104	3.009	0.104	3.009	HLA-C*06:02	HLA-C*06:02	LRPPRSKGF	LIPPQSQGF	0	1	-30.16	0	0	0.03368	0	2	0	4	0	6	158	461	-0.09361	0.20081	1	HLA-DRB1*07:01	DEAGRGAVGDPELGD	TRPGAVRWGTLSSAI	15	88.89	4.28	HLA-C*06:02	VPAKAEAGAEA	FRQRPRLGPRL	11	83	0.6	HLA-DPA1*01:03-DPB1*03:01	LLRMRLDDPAAPTTS	0.0856	HLA-C*06:02	TRPGAVRWG	0.4	0.3193	NA	3	0.28462	NA	HLA-C*06:02	TRPGAVRWG	0.04	0.19486	0	0	0.00929	0	NM_000413	0.8885428746121803	0.8303677109938828	NA	NA	uc010cyi.3	NA	0.75	0.75	0	0.207142857143	NA	300	4	98	142	NA	1	uc010cyi.3#exon.4	0	222	TTCACCACCGAGCGCTTCCTGCCCCTGCTGCGGATGCGCCTGGACGACCCAGCGGCTCCAACTACGTCACCGCCATGCACCGGGAAGTGTTCGGCGACGTTCCGGCAAAGGCCGAGGCTGGGGCCGAGGCTGGGGGCGGGGCCGGGCCTGGGGCAGAGGACGAGGCCGGGCGCGGTGCGGTGGGGGACCCTGAGCTCGGCGATCCTCCGGCCGCCCCGCAGTAAAGGCTTCCTCAGCCGCTGTCTCCCGCGCCCTTCTTTGTCCCCTGGGTCTGTGTGGTCCCTGGGGATGGGGCGGCGG	chr17_40706777	1	1	NA	NA	uc002hzw.3	0	1	NA	NA	0.0449117138155	901	1.1412	0.03844	HLA-A*24:02,HLA-A*23:01,HLA-B*50:02,HLA-B*45:01,HLA-C*06:02,HLA-C*06:02	HLA-DRB1*04:06,HLA-DRB1*07:01,HLA-DQA1*02:01,HLA-DQA1*03:03,HLA-DQB1*04:02,HLA-DQB1*02:02,HLA-DPA1*01:03,HLA-DPA1*01:03,HLA-DPB1*03:01,HLA-DPB1*104:01	65	TRUE	SKCM	skin	411	404	256	7	4	205	12379	SRR5134818	SRR5134893	SRR5088880	SRR5088879	NIV3-NAIVE	SD	no	Dead	90.4	632.8	155.504153	285	151	Pt4	0.015687299	0.021919023	0.010914723	0.096460352	0	0.024806324	0	0.028017515	0.016851096	0.007517823	0.777825845
Pt4	PSEN2	ENEEDGEEDPDRYVCTGGRQAWRKS	NA	NA	0.14745308311	0.04	3.930001430369999	20.2364314794	ENEEDGEEDPDRYVCTGGRQAWRKS	0	1	67.376	0.34579	0.15902	HLA-DRB1*07:01	HLA-DRB1*07:01	DRYVCTGGRQAWRKS	DGYVPTSDSQRWKKS	384.44	4546.6	HLA-C*06:02	HLA-C*06:02	NA	YVCTGGRQA	YQCTAGNEA	NA	18078	20899	HLA-A*23:01	HLA-A*23:01	RYVCTGGRQAW	RYILNGGSEEW	356.8	128.12	1.41	95	HLA-DRB1*07:01	HLA-DRB1*07:01	PDRYVCTGGRQAWRK	PEQEECEGLLQQWRE	HLA-A*24:02	HLA-A*24:02	VCTGGRQAW	VCWGGRDAY	7.411	31.333	0.571	0.149	HLA-A*24:02	HLA-A*24:02	RYVCTGGRQAW	RYILNGGSEEW	0	0	-228.68	0	0	0.1572	0	0	0	0	0	0	250	250	0.10153	0.19353	0	HLA-DRB1*07:01	EDPDRYVCSGVPGRP	EDPDRYVCTGGRQAW	15	63.1	35.97	HLA-B*45:01	GEEDPDRYVCS	GEEDPDRYVCT	11	1.5	1.15	HLA-DPA1*01:03-DPB1*03:01	EDPDRYVCTGGRQAWR	2.88	HLA-A*23:01	RYVCTGGRQAW	0.5	0.28648	NA	6	1.1273	NA	HLA-A*23:01	RYVCTGGRQAW	0.9	0.17265	0	0	0.14492	0	NM_012486	0.8339470325608248	0.745211471991916	0.8339470325608248	NA	uc009xep.1	NA	0.04	0.04	0	0.14745308311	NA	65	25	139	368	10000000	1	uc009xep.1#exon.4	0	115	GAGAACGAGGAGGACGGTGAGGAGGACCCTGACCGCTATGTCTGTACGGGCGGCCGCCAGGCCTGGAGGAAGAGC	chr1_227071459	1	2	NA	NA	uc009xeo.1	0	1	NA	NA	3.930001430369999	195	1.0139	0.15939	HLA-A*24:02,HLA-A*23:01,HLA-B*50:02,HLA-B*45:01,HLA-C*06:02,HLA-C*06:02	HLA-DRB1*04:06,HLA-DRB1*07:01,HLA-DQA1*02:01,HLA-DQA1*03:03,HLA-DQB1*04:02,HLA-DQB1*02:02,HLA-DPA1*01:03,HLA-DPA1*01:03,HLA-DPB1*03:01,HLA-DPB1*104:01	65	TRUE	SKCM	skin	411	404	256	7	4	205	12379	SRR5134818	SRR5134893	SRR5088880	SRR5088879	NIV3-NAIVE	SD	no	Dead	90.4	632.8	155.504153	285	151	Pt4	0.015687299	0.021919023	0.010914723	0.096460352	0	0.024806324	0	0.028017515	0.016851096	0.007517823	0.777825845
Pt4	PPP1R18	EGEAEKEEAGAQGRPQSPAELLLCALPPPTRGRWDWRPETAGRGSSGAPAPTTSPSVSPTPSPNCPPTSWGSPHEPPVLWGEGRARGGGPPPQWTHLHRQPPAVCAPCDPSHPNLSSHS	NA	NA	0.41935483871	0.073	1.9870844116900004	33.6771083859	EGEAEKEEAGAQGRPQSPAELLLCALPPPTRGRWDWRPETAGRGSSGAPAPTTSPSVSPTPSPNCPPTSWGSPHEPPVLWGEGRARGGGPPPQWTHLHRQPPAVCAPCDPSHPNLSSHS	1	1	79.344	59.24	59.24	HLA-DRB1*07:01	HLA-DRB1*07:01	AELLLCALPPPTRGR	ASSALCQGPEPVRGR	728.29	10082	HLA-B*45:01	HLA-B*45:01	NA	AELLLCALP	ALLLLCAAP	NA	47.72	18607	HLA-B*45:01	HLA-B*45:01	AELLLCALP	ALLLLCAAP	47.72	18607	0.64	50.78	HLA-DQA1*03:03-DQB1*04:02	HLA-DQA1*03:03-DQB1*04:02	RGRWDWRPETAGRGS	RGRWEGGGRRACRGS	HLA-C*06:02	HLA-C*06:02	GRPQSPAEL	GRPQQPARL	0.139	0.146	0.139	0.146	HLA-C*06:02	HLA-C*06:02	GRPQSPAEL	GRPQQPARL	1	1	18560	0.948	0	0.14506	0	0	1	2	1	2	246	386	-0.04977	0.01686	0	HLA-DRB1*07:01	APRRSGHTFTVNPRR	PPPQWTHLHRQPPAV	15	33.15	41.4	HLA-B*50:02	LQNCCSVP	AELLLCAL	8	9.3	0.7	HLA-DPA1*01:03-DPB1*03:01	AGAQGRPQSPAELLL	0.927	HLA-C*06:02	GRPQSPAEL	0.4	0.32898	NA	2	0.3018	NA	HLA-B*50:02	AELLLCALP	0.05	0.19193	6e-5	6e-5	0.30289	0.00349	NM_001134870	0.93526224092158	0.7593738218961968	0.93526224092158	NA	uc003nra.3	NA	0.073	0.073	0	0.41935483871	NA	389	41	43	152	10000000	1	uc003nra.3#exon.1	0	290	GAAGGGGAGGCTGAGAAGGAGGAGGCGGGGGCTCAGGGCAGGCCTCAGAGCCCTGCAGAACTGCTGCTCTGTGCCCTCCCCCCTCCCACCAGAGGACGCTGGGACTGGAGGCCTGAGACAGCAGGAAGAGGAAGCAGTGGAGCTCCAGCCCCCACCACCAGCCCCTCTGTCTCCCCCACCCCCAGCCCCAACTGCCCCCCAACCTCCTGGGGATCCCCTCATGAGCCGCCTGTTCTATGGGGTGAAGGCAGGGCCAGGGGTGGGGGCCCCCCGCCGCAGTGGACACACCTTCACCGTCAACCCCCGGCGGTCTGTGCCCCCTGCGACCCCAGCCACCCCAACCTCTCCAGCCACAGT	chr6_30652624	1	2	NA	NA	uc003nrb.4	0	1	NA	NA	1.9870844116900004	1167	3.6285	0.52634	HLA-A*24:02,HLA-A*23:01,HLA-B*50:02,HLA-B*45:01,HLA-C*06:02,HLA-C*06:02	HLA-DRB1*04:06,HLA-DRB1*07:01,HLA-DQA1*02:01,HLA-DQA1*03:03,HLA-DQB1*04:02,HLA-DQB1*02:02,HLA-DPA1*01:03,HLA-DPA1*01:03,HLA-DPB1*03:01,HLA-DPB1*104:01	65	TRUE	SKCM	skin	411	404	256	7	4	205	12379	SRR5134818	SRR5134893	SRR5088880	SRR5088879	NIV3-NAIVE	SD	no	Dead	90.4	632.8	155.504153	285	151	Pt4	0.015687299	0.021919023	0.010914723	0.096460352	0	0.024806324	0	0.028017515	0.016851096	0.007517823	0.777825845
Pt4	LRRC14	CCRDLRAEDLPMRNTVPCCSFWMQAACAAWTCASTIWACAACL	NA	NA	0.18085106383	0.205	5.60777711857	5.5500790534	CCRDLRAEDLPMRNTVPCCSFWMQAACAAWTCASTIWACAACL	0	0	0.14286	0.47758	1.8389	HLA-DRB1*07:01	HLA-DRB1*07:01	QAACAAWTCASTIWA	QAAAGSGLAAYAVWA	307.01	1528	HLA-A*24:02	HLA-A*24:02	NA	AWTCASTIW	AWACSRTCW	NA	458.94	1130.1	HLA-A*23:01	HLA-A*23:01	FWMQAACAAW	FWLTAALTSW	116.88	56.77	0.14	0.02	HLA-DPA1*01:03-DPB1*03:01	HLA-DPA1*01:03-DPB1*03:01	RDLRAEDLPMRNTVP	KQLRAQEIAMQNRLP	HLA-A*24:02	HLA-A*24:02	AWTCASTIW	AWACSRTCW	1.088	1.665	0.542	0.953	HLA-B*45:01	HLA-B*45:01	AEDLPMRNTVP	AEDLNFRETLP	0	1	-60.11	0	0	1.1496	0	2	0	4	0	6	176	306	-0.06434	0.39093	1	HLA-DRB1*07:01	LDAGCLRRVDLRFNN	WMQAACAAWTCASTI	15	55.65	8.34	HLA-A*24:02	LLDAGCLRRV	FWMQAACAAW	10	58	0.3	HLA-DPA1*01:03-DPB1*03:01	RDLRAEDLPMRNTVP	0.0485	HLA-B*45:01	ASTIWACAA	3	0.05635	NA	4	1.0729	NA	HLA-B*45:01	ASTIWACAA	0.06	0.18749	6e-5	6e-5	0.16949	1.1e-4	NM_014665	0.8642274709876374	0.770168217184959	NA	NA	uc003zdk.2	NA	0.205	0.205	0	0.18085106383	NA	210	44	55	291	NA	1	uc003zdk.2#exon.2	0	497	TGCTGCCGGGACCTGCGAGCTGAGGACCTGCCCATGCGCAACACTGTGCCCTGCTGCAGCTTCTGGATGCAGGCTGCCTGCGCCGCGTGGACCTGCGCTTCAACAATCTGGGCCTGCGCGGCCTGTCTG	chr8_145745923	1	1	NA	NA	uc003zdl.2	0	1	NA	NA	5.60777711857	631	2.4732	2.8432	HLA-A*24:02,HLA-A*23:01,HLA-B*50:02,HLA-B*45:01,HLA-C*06:02,HLA-C*06:02	HLA-DRB1*04:06,HLA-DRB1*07:01,HLA-DQA1*02:01,HLA-DQA1*03:03,HLA-DQB1*04:02,HLA-DQB1*02:02,HLA-DPA1*01:03,HLA-DPA1*01:03,HLA-DPB1*03:01,HLA-DPB1*104:01	65	TRUE	SKCM	skin	411	404	256	7	4	205	12379	SRR5134818	SRR5134893	SRR5088880	SRR5088879	NIV3-NAIVE	SD	no	Dead	90.4	632.8	155.504153	285	151	Pt4	0.015687299	0.021919023	0.010914723	0.096460352	0	0.024806324	0	0.028017515	0.016851096	0.007517823	0.777825845
Pt4	UGCG	GVDPNLINNLETFL	NA	NA	0.532258064516	0.275362318841	22.8521742748	12.1775667994	GVDPNLINNLETFL	0	NA	NA	0.22167	0.22167	NA	NA	NA	NA	NA	NA	HLA-C*06:02	HLA-C*06:02	NA	LINNLETFL	LLNNLQDFL	NA	12344	15276	HLA-C*06:02	HLA-C*06:02	LINNLETFL	LLNNLQDFL	12344	15276	NA	NA	NA	NA	NA	NA	HLA-C*06:02	HLA-C*06:02	LINNLETFL	LLNNLQDFL	9.514	15.743	9.514	15.743	HLA-C*06:02	HLA-C*06:02	LINNLETFL	LLNNLQDFL	0	NA	2931.8	0	NA	6.2926	0	NA	0	NA	0	NA	177	NA	0.176	NA	1	NA	NA	NA	0	NA	999	HLA-C*06:02	NLINNLETFF	NLINNLETFL	10	12	5.1	HLA-DRB1*07:01	GVDPNLINNLETFL	34.1	HLA-C*06:02	INNLETFL	10	-0.17117	NA	3	14.839	NA	HLA-C*06:02	LINNLETFL	2	0.16802	NA	0	0	0	NM_003358	0.9301622933400024	NA	NA	NA	uc004bft.3	NA	0.275362318841	0.275362318841	0	0.532258064516	NA	73	138	77	124	1	1	uc004bft.3#exon.1	0	112	GGGGTAGATCCTAACTTAATCAACAACCTGGAAACATTCCTT	chr9_114677005	1	2	chr9_114677008	MyMut	NA	0	1	in_phase:merged_two_codons	F74-	22.8521742748	219	0	0	HLA-A*24:02,HLA-A*23:01,HLA-B*50:02,HLA-B*45:01,HLA-C*06:02,HLA-C*06:02	HLA-DRB1*04:06,HLA-DRB1*07:01,HLA-DQA1*02:01,HLA-DQA1*03:03,HLA-DQB1*04:02,HLA-DQB1*02:02,HLA-DPA1*01:03,HLA-DPA1*01:03,HLA-DPB1*03:01,HLA-DPB1*104:01	65	TRUE	SKCM	skin	411	404	256	7	4	205	12379	SRR5134818	SRR5134893	SRR5088880	SRR5088879	NIV3-NAIVE	SD	no	Dead	90.4	632.8	155.504153	285	151	Pt4	0.015687299	0.021919023	0.010914723	0.096460352	0	0.024806324	0	0.028017515	0.016851096	0.007517823	0.777825845
Pt4	UGCG	VDPNLINNLETFL	NA	NA	0.543103448276	0.290780141844	22.8521742748	12.1775667994	VDPNLINNLETFL	0	NA	NA	0.22167	0.22167	NA	NA	NA	NA	NA	NA	HLA-C*06:02	HLA-C*06:02	NA	LINNLETFL	LLNNLQDFL	NA	12344	15276	HLA-C*06:02	HLA-C*06:02	LINNLETFL	LLNNLQDFL	12344	15276	NA	NA	NA	NA	NA	NA	HLA-C*06:02	HLA-C*06:02	LINNLETFL	LLNNLQDFL	9.514	15.743	9.514	15.743	HLA-C*06:02	HLA-C*06:02	LINNLETFL	LLNNLQDFL	0	NA	2931.8	0	NA	6.645	0	NA	0	NA	0	NA	177	NA	0.176	NA	1	NA	NA	NA	0	NA	999	HLA-C*06:02	NLINNLETFF	NLINNLETFL	10	12	5.1	HLA-DRB1*07:01	VDPNLINNLETFL	38.8	HLA-C*06:02	INNLETFL	10	-0.17117	NA	3	14.839	NA	HLA-C*06:02	LINNLETFL	2	0.16802	NA	0	0	0	NM_003358	0.9301622933400024	NA	NA	NA	uc004bft.3	NA	0.290780141844	0.290780141844	0	0.543103448276	NA	74	141	74	116	1	1	uc004bft.3#exon.1	0	113	GTAGATCCTAACTTAATCAACAACCTGGAAACATTCCTT	chr9_114677008	1	2	chr9_114677005	MyMut	NA	0	1	in_phase:merged_two_codons	E75-	22.8521742748	222	0	0	HLA-A*24:02,HLA-A*23:01,HLA-B*50:02,HLA-B*45:01,HLA-C*06:02,HLA-C*06:02	HLA-DRB1*04:06,HLA-DRB1*07:01,HLA-DQA1*02:01,HLA-DQA1*03:03,HLA-DQB1*04:02,HLA-DQB1*02:02,HLA-DPA1*01:03,HLA-DPA1*01:03,HLA-DPB1*03:01,HLA-DPB1*104:01	65	TRUE	SKCM	skin	411	404	256	7	4	205	12379	SRR5134818	SRR5134893	SRR5088880	SRR5088879	NIV3-NAIVE	SD	no	Dead	90.4	632.8	155.504153	285	151	Pt4	0.015687299	0.021919023	0.010914723	0.096460352	0	0.024806324	0	0.028017515	0.016851096	0.007517823	0.777825845
Pt44	VSIG10L	RNPGTWTFRILPILGASQGLHHKAGSTGPAPR	NA	NA	0.424778761062	-1	0	1.3567400243	RNPGTWTFRILPILGASQGLHHKAGSTGPAPR	0	0	1.4144	1.554	1.3436	HLA-DRB1*07:01	HLA-DRB1*07:01	PGTWTFRILPILGAS	PGVWLFMLLAYLAVS	96.22	2176.5	HLA-C*06:02	HLA-C*06:02	NA	FRILPILGA	FRLLPVGGS	NA	2076.4	17113	HLA-A*02:01	HLA-A*02:01	ILPILGASQGL	ILPMVGPHQGV	511.45	1043.7	5.14	7.27	HLA-DPA1*01:03-DPB1*04:01	HLA-DPA1*01:03-DPB1*04:01	TWTFRILPILGASQG	TWTFRILPILGGQPG	HLA-C*06:02	HLA-C*06:02	FRILPILGA	FRLLPVGGS	1.031	15.455	1.031	15.455	HLA-C*06:02	HLA-C*06:02	FRILPILGA	FRLLPVGGS	0	0	532.22	0	0	NA	0	0	0	0	0	0	143	236	0.05469	0.71631	1	HLA-DRB1*07:01	NPGTWTFRILPILGG	NPGTWTFRILPILGA	15	13.69	13.69	HLA-A*02:01	ILGGQPGT	ILGASQGL	8	6.25	3.15	HLA-DPA1*01:03-DPB1*04:01	GTWTFRILPILGASQG	2.72	HLA-B*57:01	ASQGLHHKA	8	-0.08512	NA	4	2.1453	NA	HLA-A*02:01	RILPILGASQGL	8	0.16018	0.00773	0.00767	0	0.01031	NM_001163922	0.916779355479678	0.7767108465299171	NA	NA	uc002pwf.3	NA	-1	-1	0	0.424778761062	NA	754	0	41	111	10000000	1	uc002pwf.3#exon.6	0	482	CGGAACCCAGGGACCTGGACCTTTCGGATCCTGCCCATCCTGGGGGCCAGCCAGGGACTCCATCACAAAGCCGGGTCTACCGGGCCGGCCCCACGT	chr19_51840531	1	2	NA	NA	NA	0	1	NA	NA	0	2262	0.27886	NA	HLA-A*02:01,HLA-A*02:01,HLA-B*57:01,HLA-B*44:02,HLA-C*05:01,HLA-C*06:02	HLA-DRB1*13:02,HLA-DRB1*07:01,HLA-DQA1*01:02,HLA-DQA1*02:01,HLA-DQB1*06:04,HLA-DQB1*03:03,HLA-DPA1*01:03,HLA-DPA1*01:03,HLA-DPB1*04:01,HLA-DPB1*04:01	80	TRUE	SKCM	skin	563	551	334	12	4	241	12692	SRR5134866	SRR5134900	SRR5088924	SRR5088925	NIV3-NAIVE	PR	yes	Alive	156.1	1092.7	216.219753	365	232	Pt44	0.022998781	0.069518949	0.103068741	0	0.01419717	0.021285427	0	0.063033101	0.02984576	0.042025095	0.634026977
Pt44	ZNF746	ENLLRNRNFWILRLPPGQQGGVP	NA	NA	0.206730769231	0	2.6784390363900004	5.8688729799	ENLLRNRNFWILRLPPGQQGGVP	0	0	0.91143	0.37592	0.15171	HLA-DRB1*07:01	HLA-DRB1*07:01	LRNRNFWILRLPPGQ	LKRKQTWVLEPDPGQ	415.26	3559.2	HLA-C*06:02	HLA-C*06:02	NA	LRLPPGQQG	LRLPPGSKG	NA	19022	21498	HLA-A*02:01	HLA-A*02:01	RLPPGQQGGV	RLPPGSNGEV	1811.2	855.65	9.71	8.85	HLA-DPA1*01:03-DPB1*04:01	HLA-DPA1*01:03-DPB1*04:01	NRNFWILRLPPGQQG	NRNFWILRLPPGSKG	HLA-C*06:02	HLA-C*06:02	LRLPPGQQG	LRLPPGSKG	6.972	9.639	0.964	0.89	HLA-A*02:01	HLA-A*02:01	RLPPGQQGGV	RLPPGSNGEV	0	0	-955.58	0	0	0	0	0	0	0	0	0	183	252	-0.175	0.53178	0	HLA-DRB1*13:02	NFWILRLPPGSKGES	NFWILRLPPGQQGGV	15	30.48	36.16	HLA-C*06:02	LRLPPGSKGES	LRLPPGQQGGV	11	21	2.5	HLA-DPA1*01:03-DPB1*04:01	RNRNFWILRLPPGQQ	15.6	HLA-A*02:01	RLPPGQQGGV	4	0.0063	NA	3	2.0533	NA	HLA-A*02:01	RLPPGQQGGV	20	0.15327	0	6e-5	0.17829	1e-5	NM_001163474	0.8884795402135821	0.7269642215423797	0.8884795402135821	NA	uc010lpi.2	NA	0	0	0	0.206730769231	NA	99	77	64	275	10000000	1	uc010lpi.2#exon.1	0	781	GAGAACCTGCTGCGCAACAGGAACTTCTGGATCCTGCGGCTGCCCCCCGGGCAGCAAGGGGGAGTCCCC	chr7_149191318	1	2	NA	NA	uc003wfw.2	0	1	NA	NA	2.6784390363900004	298	6e-5	0	HLA-A*02:01,HLA-A*02:01,HLA-B*57:01,HLA-B*44:02,HLA-C*05:01,HLA-C*06:02	HLA-DRB1*13:02,HLA-DRB1*07:01,HLA-DQA1*01:02,HLA-DQA1*02:01,HLA-DQB1*06:04,HLA-DQB1*03:03,HLA-DPA1*01:03,HLA-DPA1*01:03,HLA-DPB1*04:01,HLA-DPB1*04:01	80	TRUE	SKCM	skin	563	551	334	12	4	241	12692	SRR5134866	SRR5134900	SRR5088924	SRR5088925	NIV3-NAIVE	PR	yes	Alive	156.1	1092.7	216.219753	365	232	Pt44	0.022998781	0.069518949	0.103068741	0	0.01419717	0.021285427	0	0.063033101	0.02984576	0.042025095	0.634026977
Pt44	CDKN2A	MMGSARVAELLLLHGASPTAPTPPLSPDPCTTLPGRASWTRWWCCTGPGRGWTCAMPGAVCPWTWLRSWAIAMSHGTCARLRGAPEAVTMPA	NA	NA	0.677083333333	0.923	12.2849788277	5.5858620565	MMGSARVAELLLLHGASPTAPTPPLSPDPCTTLPGRASWTRWWCCTGPGRGWTCAMPGAVCPWTWLRSWAIAMSHGTCARLRGAPEAVTMPA	0	1	29.728	1.0014	1.0014	HLA-DRB1*07:01	HLA-DRB1*07:01	CPWTWLRSWAIAMSH	CPRLWMWSWKHIRKH	17.98	373.55	HLA-B*57:01	HLA-B*57:01	NA	TTLPGRASW	SSLPGNCSW	NA	14.07	14.15	HLA-B*57:01	HLA-B*57:01	TTLPGRASW	SSLPGNCSW	14.07	14.15	0.81	24.08	HLA-DQA1*01:02-DQB1*03:03	HLA-DQA1*01:02-DQB1*03:03	WTWLRSWAIAMSHGT	WLGMNTWVSAMPHSS	HLA-B*57:01	HLA-B*57:01	TTLPGRASW	SSLPGNCSW	0.005	0.011	0.005	0.011	HLA-B*57:01	HLA-B*57:01	TTLPGRASW	SSLPGNCSW	1	1	0.08	0	0	11.339	4	0	4	1	8	1	199	352	0.00332	0.38053	1	HLA-DRB1*07:01	GRLPVDLAEELGHRD	AVCPWTWLRSWAIAM	15	88.89	0.12	HLA-B*57:01	HDAAREGFL	TTLPGRASW	9	32.5	0.15	HLA-DRB1*07:01	WTWLRSWAIAMSHG	0.496	HLA-B*57:01	TTLPGRASW	0.06	0.56413	NA	4	0.029	NA	HLA-C*06:02	GRASWTRWW	0.02	0.20218	0	6e-5	0.63474	6e-5	NM_000077	0.8797125336436111	0.6836225042943258	NA	NA	uc003zpk.3	NA	0.923	0.923	0	0.677083333333	NA	67	13	46	100	10000000	2	uc003zpk.3#exon.1	0	732	ATGATGGGCAGCGCCCGAGTGGCGGAGCTGCTGCTGCTCCACGGCGCGAGCCCAACTGCGCCGACCCCGCCACTCTCACCCGACCCGTGCACGACGCTGCCCGGGAGGGCTTCCTGGACACGCTGGTGGTGCTGCACCGGGCCGGGGCGCGGCTGGACGTGCGCGATGCCTGGGGCCGTCTGCCCGTGGACCTGGCTGAGGAGCTGGGCCATCGCGATGTCGCACGGTACCTGCGCGCGGCTGCGGGGGGCACCAGAGGCAGTAACCATGCCCGCA	chr9_21971151	1	2	NA	NA	uc010miu.3	0	1	NA	NA	12.2849788277	203	12.21	138.46	HLA-A*02:01,HLA-A*02:01,HLA-B*57:01,HLA-B*44:02,HLA-C*05:01,HLA-C*06:02	HLA-DRB1*13:02,HLA-DRB1*07:01,HLA-DQA1*01:02,HLA-DQA1*02:01,HLA-DQB1*06:04,HLA-DQB1*03:03,HLA-DPA1*01:03,HLA-DPA1*01:03,HLA-DPB1*04:01,HLA-DPB1*04:01	80	TRUE	SKCM	skin	563	551	334	12	4	241	12692	SRR5134866	SRR5134900	SRR5088924	SRR5088925	NIV3-NAIVE	PR	yes	Alive	156.1	1092.7	216.219753	365	232	Pt44	0.022998781	0.069518949	0.103068741	0	0.01419717	0.021285427	0	0.063033101	0.02984576	0.042025095	0.634026977
Pt44	CDKN2A	DGQRPSGGAAAAPRREPNCADPATLTRPVHDAAREGFLDTLVVLHRAGARLDVRDAWGRLPVDLAEELGHRDVARYLRAAAGGTRGSNHARIDAAEGPSDIPD	NA	NA	0.677083333333	0.923	89.5436308233	5.5858620565	DGQRPSGGAAAAPRREPNCADPATLTRPVHDAAREGFLDTLVVLHRAGARLDVRDAWGRLPVDLAEELGHRDVARYLRAAAGGTRGSNHARIDAAEGPSDIPD	0	1	60.444	0.21117	0.17814	HLA-DQA1*02:01-DQB1*03:03	HLA-DQA1*02:01-DQB1*03:03	GQRPSGGAAAAPRRE	GAPPSGGASSGPTIE	383.9	2015.5	HLA-B*44:02	HLA-B*44:02	NA	REPNCADPA	REPEAAEPA	NA	15810	18162	HLA-B*44:02	HLA-B*44:02	REPNCADPAT	RQPNCDDPET	14455	36227	0.36	21.76	HLA-DQA1*02:01-DQB1*03:03	HLA-DQA1*02:01-DQB1*03:03	GQRPSGGAAAAPRRE	GAPPSGGASSGPTIE	HLA-C*05:01	HLA-C*05:01	AAAAPRREP	AAASPRRDP	9.282	14.086	3.745	1.542	HLA-B*44:02	HLA-B*44:02	REPNCADPATL	REPEAAEPATM	0	1	21772	0	0	82.649	0	0	0	1	0	1	144	294	-0.00939	0.12642	0	HLA-DRB1*13:02	HAGGAAPGRGAAGRA	TLVVLHRAGARLDVR	15	79.27	2.38	HLA-C*05:01	NA	RIDAAEGPSDI	11	NA	0.4	HLA-DRB1*07:01	RREPNCADPATLTRPV	49.1	HLA-B*44:02	REPNCADPATL	8	-0.08901	NA	4	9.4582	NA	HLA-B*44:02	REPNCADPATL	2	0.16596	1	0	1e-4	0	NM_058195	0.8696165845686914	0.8240564152309199	0.8696165845686914	NA	uc003zpl.3	NA	0.923	0.923	0	0.677083333333	NA	82	13	46	100	10000000	2	uc003zpl.3#exon.1	0	895	GATGGGCAGCGCCCGAGTGGCGGAGCTGCTGCTGCTCCACGGCGCGAGCCCAACTGCGCCGACCCCGCCACTCTCACCCGACCCGTGCACGACGCTGCCCGGGAGGGCTTCCTGGACACGCTGGTGGTGCTGCACCGGGCCGGGGCGCGGCTGGACGTGCGCGATGCCTGGGGCCGTCTGCCCGTGGACCTGGCTGAGGAGCTGGGCCATCGCGATGTCGCACGGTACCTGCGCGCGGCTGCGGGGGGCACCAGAGGCAGTAACCATGCCCGCATAGATGCCGCGGAAGGTCCCTCAGACATCCCCGAT	chr9_21971151	1	2	NA	NA	NA	0	2	NA	NA	89.5436308233	246	0	0	HLA-A*02:01,HLA-A*02:01,HLA-B*57:01,HLA-B*44:02,HLA-C*05:01,HLA-C*06:02	HLA-DRB1*13:02,HLA-DRB1*07:01,HLA-DQA1*01:02,HLA-DQA1*02:01,HLA-DQB1*06:04,HLA-DQB1*03:03,HLA-DPA1*01:03,HLA-DPA1*01:03,HLA-DPB1*04:01,HLA-DPB1*04:01	80	TRUE	SKCM	skin	563	551	334	12	4	241	12692	SRR5134866	SRR5134900	SRR5088924	SRR5088925	NIV3-NAIVE	PR	yes	Alive	156.1	1092.7	216.219753	365	232	Pt44	0.022998781	0.069518949	0.103068741	0	0.01419717	0.021285427	0	0.063033101	0.02984576	0.042025095	0.634026977
Pt5	CTNNB1	YLDSGIHSGATTTAPSGNPEEEDVDTSQVLY	NA	NA	0.107594936709	0.4920000000000001	188.485806755	163.827894159	YLDSGIHSGATTTAPSGNPEEEDVDTSQVLY	0	1	17.453	0.25994	0.25994	HLA-DQA1*02:01-DQB1*02:02	HLA-DQA1*02:01-DQB1*02:02	SGNPEEEDVDTSQVL	SGDPEEEEEEEEELV	5718.3	2757.1	HLA-C*16:01	HLA-C*16:01	NA	TTAPSGNPE	TQVPSGNPQ	NA	11300	24730	HLA-C*16:01	HLA-C*16:01	TTAPSGNPE	TQVPSGNPQ	11300	24730	1.59	27.75	HLA-DQA1*02:01-DQB1*02:02	HLA-DQA1*02:01-DQB1*02:02	DSGIHSGATTTAPSG	DSGTQPGGVPSAPTG	HLA-B*51:01	HLA-B*51:01	SGNPEEEDV	SGNPEEEKV	13.778	4.441	11.727	9.143	HLA-B*51:01	HLA-B*51:01	APSGNPEEEDV	APAEKPEEEDL	0	0	13429	0	0	92.735	0	0	0	0	0	0	184	223	-0.1396	0.17107	0	HLA-DRB1*07:01	DSGIHSGATTTAPSL	DSGIHSGATTTAPSG	15	11.59	60.92	HLA-B*51:01	APSLSGKGNPE	APSGNPEEEDV	11	26.25	17.5	HLA-DQA1*02:01-DQB1*02:02	APSGNPEEEDVDTSQVL	4.91	HLA-C*02:02	SGNPEEEDV	9	-0.10687	NA	4	18.771	NA	HLA-C*16:01	TTAPSGNPE	20	0.15259	6e-5	0	0	0	NM_001904	0.8967766715912607	0.7709215495059917	0.8967766715912607	NA	uc003ckr.2	NA	0.4920000000000001	0.4920000000000001	0	0.107594936709	NA	44	1616	162	319	NA	1	uc003ckr.2#exon.2	0	1	TACCTGGACTCTGGAATCCATTCTGGTGCCACTACCACAGCTCCTTCTGGCAATCCTGAGGAAGAGGATGTGGATACCTCCCAAGTCCTGTAT	chr3_41266137	1	1	NA	NA	uc003ckq.2 uc003ckp.2 uc011azf.1 uc010hia.1	0	1	NA	NA	188.485806755	134	0	0	HLA-A*02:01,HLA-A*02:01,HLA-B*44:03,HLA-B*51:01,HLA-C*02:02,HLA-C*16:01	HLA-DRB1*16:01,HLA-DRB1*07:01,HLA-DQA1*01:02,HLA-DQA1*02:01,HLA-DQB1*05:02,HLA-DQB1*02:02,HLA-DPA1*02:01,HLA-DPA1*02:01,HLA-DPB1*11:01,HLA-DPB1*11:01	26	TRUE	SKCM	skin	55	53	33	2	1	26	10502	SRR5134862	SRR5134809	SRR5088883	SRR5088882	NIV3-NAIVE	PD	no	Dead	31.7	221.9	136.252635	52	13	Pt5	0.019460626	0.033704808	0.040062215	0.034547341	0.053936412	0.007307046	0.088572073	0.047176932	0.012289224	0	0.662943323
Pt5	C3orf18	PDAAGGTAGVGTMLLFLWDHHGDRPGCGLGFVHQEEEEAGEATPPAHAHVQLRPHGGTR	NA	NA	0.181818181818	0	0.919506936283	2.2297501365	PDAAGGTAGVGTMLLFLWDHHGDRPGCGLGFVHQEEEEAGEATPPAHAHVQLRPHGGTR	0	1	80.015	2.1454	2.1454	HLA-DRB1*16:01	HLA-DRB1*16:01	VGTMLLFLWDHHGDR	IGHIVEFSQDQHGSR	404.24	3428.5	HLA-A*02:01	HLA-A*02:01	NA	GVGTMLLFL	GVGVLLIFL	NA	598.82	2090.4	HLA-A*02:01	HLA-A*02:01	GVGTMLLFL	GVGVLLIFL	598.82	2090.4	0.68	54.41	HLA-DQA1*01:02-DQB1*05:02	HLA-DQA1*01:02-DQB1*05:02	GTMLLFLWDHHGDRP	GRSPLFLWPHLGPHP	HLA-B*44:03	HLA-B*44:03	GEATPPAHA	GSATPPARA	1.086	22.765	0.24	0.078	HLA-B*51:01	HLA-B*51:01	TPPAHAHV	TPPLHVHV	0	1	1491.5	1e-5	0	0	1	0	0	1	1	1	133	223	-0.07234	0.25831	0	HLA-DRB1*07:01	RHQLMPMYNFDPTEE	TPPAHAHVQLRPHGG	15	66.36	37.6	HLA-C*02:02	GTAGVGTMLLS	GTAGVGTMLLF	11	21	0.7	HLA-DQA1*02:01-DQB1*02:02	GGTAGVGTMLLFLWDHHG	0.0336	HLA-B*51:01	TPPAHAHV	2	0.18942	NA	2	0.74963	NA	HLA-C*02:02	AGVGTMLLF	0.3	0.18232	0.02261	0	0.09894	0	NM_001171740	0.9104788841996106	0.7125567594472992	0.9104788841996106	NA	uc003das.3	NA	0	0	0	0.181818181818	NA	64	15	66	167	10000000	1	uc003das.3#exon.1	0	52	CCTGATGCAGCTGGTGGCACGGCCGGCGTGGGTACCATGCTTCTGTTCCTTTGGGATCATCACGGTGATAGGCCTGGCTGTGGCCTTGGTTTTGTACATCAGGAAGAAGAAGAGGCTGGAGAAGCTACGCCACCAGCTCATGCCCATGTACAACTTCGACCCCACGGAGGAACAAGA	chr3_50602936	1	2	NA	NA	uc003dat.3 uc003dar.3	0	1	NA	NA	0.919506936283	192	0.24626	0	HLA-A*02:01,HLA-A*02:01,HLA-B*44:03,HLA-B*51:01,HLA-C*02:02,HLA-C*16:01	HLA-DRB1*16:01,HLA-DRB1*07:01,HLA-DQA1*01:02,HLA-DQA1*02:01,HLA-DQB1*05:02,HLA-DQB1*02:02,HLA-DPA1*02:01,HLA-DPA1*02:01,HLA-DPB1*11:01,HLA-DPB1*11:01	26	TRUE	SKCM	skin	55	53	33	2	1	26	10502	SRR5134862	SRR5134809	SRR5088883	SRR5088882	NIV3-NAIVE	PD	no	Dead	31.7	221.9	136.252635	52	13	Pt5	0.019460626	0.033704808	0.040062215	0.034547341	0.053936412	0.007307046	0.088572073	0.047176932	0.012289224	0	0.662943323
Pt59	C12orf49	SQSVQHENTYRDPIAKSIAMEKARPSSSPLDGCSGLAPAWVRRPR	NA	NA	0.209302325581	0.317	10.8018743333	9.5841392775	SQSVQHENTYRDPIAKSIAMEKARPSSSPLDGCSGLAPAWVRRPR	0	1	49.1	1.364	187.47	HLA-DQA1*01:03-DQB1*06:01	HLA-DQA1*01:03-DQB1*06:01	IAKSIAMEKARPSSS	IAVSSAKEKSSPSAT	145.26	670.43	HLA-B*07:02	HLA-B*07:02	NA	KARPSSSPL	ESQPSSSPL	NA	9.93	4216.3	HLA-B*07:02	HLA-B*07:02	RDPIAKSIAM	RDPTGASIAL	8.81	12.06	0.4	19.64	HLA-DPA1*02:02-DPB1*04:01	HLA-DPA1*02:02-DPB1*04:01	AKSIAMEKARPSSSP	SKSISLRKAKKKPSP	HLA-C*07:02	HLA-C*07:02	YRDPIAKSI	YKDMLAKAI	0.036	4.462	0.036	4.462	HLA-C*07:02	HLA-C*07:02	YRDPIAKSI	YKDMLAKAI	1	1	3.25	0.00761	0	3.4242	0	0	2	7	2	7	140	234	-0.08499	-0.51049	1	HLA-DRB1*15:02	VQHENTYRDPIAKYC	VQHENTYRDPIAKSI	15	15.24	10.55	HLA-B*07:02	SPPELFPA	KARPSSSPL	9	NA	0.3	HLA-DPA1*01:03-DPB1*04:01	IAKSIAMEKARPSSS	1.35	HLA-C*12:02	KARPSSSPL	0.2	0.41824	NA	4	0.11036	NA	HLA-B*07:02	APAWVRRPR	0.07	0.18622	0	0	0.20929	8e-5	NA	0.8973162770468818	0.8734551589503214	NA	NA	uc009zwm.1	NA	0.317	0.317	0	0.209302325581	NA	161	82	34	91	10000000	1	uc009zwm.1#exon.3	0	817	TCTCAGAGCGTGCAGCATGAGAACACCTACCGGGACCCCATAGCAAAAAGTATTGCTATGGAGAAAGCCCGCCCGAGCTCTTCCCCGCTTGACGGGTGCAGCGGACTTGCTCCAGCCTGGGTGAGGAGGCCCCGC	chr12_117155656	1	2	NA	NA	uc001tvz.1	0	1	NA	NA	10.8018743333	484	7.7405	26.505	HLA-A*24:02,HLA-A*26:01,HLA-B*07:02,HLA-B*52:01,HLA-C*07:02,HLA-C*12:02	HLA-DRB1*15:02,HLA-DRB1*15:01,HLA-DQA1*01:02,HLA-DQA1*01:03,HLA-DQB1*06:02,HLA-DQB1*06:01,HLA-DPA1*01:03,HLA-DPA1*02:02,HLA-DPB1*04:01,HLA-DPB1*04:01	36	TRUE	SKCM	skin	653	651	381	2	2	278	12168	SRR5134848	SRR5134821	SRR5088821	-	NIV3-NAIVE	SD	no	Dead	101.1	707.7	147.601366	432	220	Pt59	0.015438203	0.0801661	0.105555015	0.03462171	0.006729474	0.010654545	0.013787129	0.067898436	0.029960958	0.030699587	0.604488842
Pt59	HOXA13	RRRISATTNLSERQVTWFQNRRVKEKKVINK	NA	NA	0.227848101266	-1	0.370926867394	0.1542327797	RRRISATTNLSERQVTWFQNRRVKEKKVINK	0	1	342	0.50742	0.0569	HLA-DRB1*15:01	HLA-DRB1*15:01	LSERQVTWFQNRRVK	VESRVQVWFQNRRAK	8.72	82.09	HLA-C*12:02	HLA-C*12:02	NA	LSERQVTWF	MAERNVMWF	NA	7032.3	454.71	HLA-B*52:01	HLA-B*52:01	RQVTWFQNRRV	REANWRQTRRV	5471.3	16611	0.01	3.42	HLA-DRB1*15:01	HLA-DRB1*15:01	ERQVTWFQNRRVKEK	DRVQVWFQNRRAKWK	HLA-A*24:02	HLA-A*24:02	NLSERQVTW	NISKKQLTW	1.151	1.882	1.151	1.882	HLA-A*24:02	HLA-A*24:02	NLSERQVTW	NISKKQLTW	0	1	11140	0	0	NA	0	0	0	10	0	10	148	216	0.33719	0.3769	1	HLA-DRB1*15:01	ERQVTIWFQNRRVKE	ERQVTWFQNRRVKEK	15	4.43	3.08	HLA-B*52:01	RQVTIWFQNRR	RQVTWFQNRRV	11	50	3.7	HLA-DRB1*15:01	LSERQVTWFQNRRVKE	0.122	HLA-A*24:02	NLSERQVTW	2	0.18602	NA	4	1.9093	NA	HLA-B*52:01	RQVTWFQNR	0.3	0.18327	0	0	0.07649	0	NM_000522	0.9208674233185976	0.8435683312085862	NA	NA	uc003szb.1	NA	-1	-1	0	0.227848101266	NA	366	0	101	312	10000000	1	uc003szb.1#exon.1	0	580	CGGAGGCGGATATCAGCCACGACGAATCTCTCTGAGCGGCAGGTCACCTGGTTCCAGAACAGGAGGGTTAAAGAGAAAAAAGTCATCAACAAA	chr7_27237879	1	2	NA	NA	NA	0	1	NA	NA	0.370926867394	1099	0	NA	HLA-A*24:02,HLA-A*26:01,HLA-B*07:02,HLA-B*52:01,HLA-C*07:02,HLA-C*12:02	HLA-DRB1*15:02,HLA-DRB1*15:01,HLA-DQA1*01:02,HLA-DQA1*01:03,HLA-DQB1*06:02,HLA-DQB1*06:01,HLA-DPA1*01:03,HLA-DPA1*02:02,HLA-DPB1*04:01,HLA-DPB1*04:01	36	TRUE	SKCM	skin	653	651	381	2	2	278	12168	SRR5134848	SRR5134821	SRR5088821	-	NIV3-NAIVE	SD	no	Dead	101.1	707.7	147.601366	432	220	Pt59	0.015438203	0.0801661	0.105555015	0.03462171	0.006729474	0.010654545	0.013787129	0.067898436	0.029960958	0.030699587	0.604488842
Pt72	MSRB3	MSPRRTLPRPLSLCLSLCLCLAAALGSAQSG	NA	NA	0.0274725274725	0	2.92156574462	4.1963952461	MSPRRTLPRPLSLCLSLCLCLAAALGSAQSG	0	0	1.3426	1.5223	1.5223	HLA-DQA1*01:03-DQB1*06:02	HLA-DQA1*01:03-DQB1*06:02	SLCLCLAAALGSAQS	SICDCLLATLANSES	125.63	617.13	HLA-A*02:01	HLA-A*02:01	NA	SLCLCLAAA	SLCLCLCLA	NA	61.87	96.92	HLA-A*02:01	HLA-A*02:01	SLCLCLAAA	SLCLCLCLA	61.87	96.92	58.32	78.3	HLA-DQA1*01:02-DQB1*06:02	HLA-DQA1*01:02-DQB1*06:02	SLCLCLAAALGSAQS	SICDCLLATLANSES	HLA-A*02:01	HLA-A*02:01	SLCLCLAAA	SLCLCLCLA	3.355	5.954	3.355	5.954	HLA-A*02:01	HLA-A*02:01	SLCLCLAAA	SLCLCLCLA	0	0	35.05	0	0	0	0	0	0	0	0	0	252	230	-0.03572	-0.14585	1	HLA-DRB1*13:01	LCLSLCLCLCLAAAL	LCLSLCLCLAAALGS	15	7.95	3.23	HLA-A*02:01	SLCLCLCLAA	SLCLCLAAAL	10	2.7	2.2	HLA-DRB1*15:01	LSLCLSLCLCLAAALG	2.55	HLA-A*02:01	SLCLCLAAA	4	0.05592	NA	2	14.273	NA	HLA-A*02:01	SLCLCLAAA	0.8	0.17587	1	1	3e-5	1.5223	NM_198080	0.9355633769846372	0.8370692125918263	NA	NA	uc001ssn.3	NA	0	0	0	0.0274725274725	NA	15	12	114	188	NA	1	uc001ssn.3#exon.0	0	865	ATGAGCCCGCGGCGGACCCTCCCGCGCCCCCTCTCGCTCTGCCTCTCCCTCTGCCTCTGCCTGGCCGCGGCTCTGGGAAGTGCGCAGTCCGGG	chr12_65672594	1	1	NA	NA	NA	0	1	NA	NA	2.92156574462	46	3.3492	0	HLA-A*03:01,HLA-A*02:01,HLA-B*07:02,HLA-B*44:02,HLA-C*07:02,HLA-C*05:01	HLA-DRB1*15:01,HLA-DRB1*13:01,HLA-DQA1*01:02,HLA-DQA1*01:03,HLA-DQB1*06:02,HLA-DQB1*06:03,HLA-DPA1*01:03,HLA-DPA1*01:03,HLA-DPB1*04:02,HLA-DPB1*04:01	80	TRUE	SKCM	skin	748	739	445	9	4	277	10149	SRR5134858	SRR5134800	SRR5088861	#NV	NIV3-NAIVE	PR	yes	Dead	110	770	155.483343	437	302	Pt72	0.011907071	0.052451856	0.009020053	0.129937519	0	0.033136323	0	3.26779e-4	0.01734216	0	0.745878239
Pt72	B2M	FSKDWSFYLLYYTEFTPH	NA	NA	0.552845528455	0.181	697.7187115969999	1773.1719474229	FSKDWSFYLLYYTEFTPH	0	1	13.772	1.1679	1.0037	HLA-DPA1*01:03-DPB1*04:01	HLA-DPA1*01:03-DPB1*04:01	DWSFYLLYYTEFTPH	DWTGLLRQKAEFIPH	21.76	2262.5	HLA-C*07:02	HLA-C*07:02	NA	LYYTEFTPH	LYLTEGVPH	NA	2489.8	9984	HLA-A*03:01	HLA-A*03:01	LLYYTEFTPH	LLYPTEITVH	868.56	1458.2	2.67	36.77	HLA-DPA1*01:03-DPB1*04:01	HLA-DPA1*01:03-DPB1*04:01	DWSFYLLYYTEFTPH	DWTGLLRQKAEFIPH	HLA-C*07:02	HLA-C*07:02	LYYTEFTPH	LYLTEGVPH	1.383	2.959	1.383	2.959	HLA-C*07:02	HLA-C*07:02	LYYTEFTPH	LYLTEGVPH	0	0	589.64	0	0	126.29	0	0	0	0	0	0	140	262	0.27334	0.30348	1	HLA-DRB1*15:01	DWSFYLLYYTEFTPT	DWSFYLLYYTEFTPH	15	2.13	2.13	HLA-A*03:01	LLYYTEFTPT	LLYYTEFTPH	10	7.35	2.75	HLA-DPA1*01:03-DPB1*04:01	KDWSFYLLYYTEFTPH	0.402	HLA-C*07:02	YYTEFTPH	15	-0.14625	NA	3	5.593	NA	HLA-C*07:02	LYYTEFTPH	4	0.16346	6e-5	0	0.52813	0	NM_004048	0.8734607563809945	0.7096976591317382	NA	NA	uc001zuc.3	NA	0.181	0.181	0	0.552845528455	NA	90	2780	171	123	NA	1	uc001zuc.3#exon.1	0	1188	TTCAGCAAGGACTGGTCTTTCTATCTCTTGTACTACACTGAATTCACCCCCCAC	chr15_45007823	1	1	NA	NA	uc010uek.1	0	1	NA	NA	697.7187115969999	270	0.03352	4.2335	HLA-A*03:01,HLA-A*02:01,HLA-B*07:02,HLA-B*44:02,HLA-C*07:02,HLA-C*05:01	HLA-DRB1*15:01,HLA-DRB1*13:01,HLA-DQA1*01:02,HLA-DQA1*01:03,HLA-DQB1*06:02,HLA-DQB1*06:03,HLA-DPA1*01:03,HLA-DPA1*01:03,HLA-DPB1*04:02,HLA-DPB1*04:01	80	TRUE	SKCM	skin	748	739	445	9	4	277	10149	SRR5134858	SRR5134800	SRR5088861	#NV	NIV3-NAIVE	PR	yes	Dead	110	770	155.483343	437	302	Pt72	0.011907071	0.052451856	0.009020053	0.129937519	0	0.033136323	0	3.26779e-4	0.01734216	0	0.745878239
Pt72	KIR3DL2	CPRAPQSGLEGVFYGDNSPVSKPGCQI	NA	NA	0.569444444444	-1	0	0.0453085849	CPRAPQSGLEGVFYGDNSPVSKPGCQI	0	0	0.57761	1.6452	0.8438	HLA-DRB1*15:01	HLA-DRB1*15:01	GLEGVFYGDNSPVSK	GQNDIFWDQNSPLTK	1348.6	629.52	HLA-A*02:01	HLA-A*02:01	NA	VFYGDNSPV	VFTGSNSPI	NA	3342.9	18343	HLA-B*07:02	HLA-B*07:02	SPVSKPGCQI	APAQQPGCLI	176.64	318.37	3.93	2.27	HLA-DPA1*01:03-DPB1*04:02	HLA-DPA1*01:03-DPB1*04:02	QSGLEGVFYGDNSPV	ESNLQGTFLLNNTPL	HLA-C*05:01	HLA-C*05:01	YGDNSPVSK	FGDDSEISK	1.94	2.549	0.397	0.76	HLA-B*07:02	HLA-B*07:02	SPVSKPGCQI	APAQQPGCLI	0	0	141.73	0	0	NA	0	1	0	0	0	1	208	285	-0.38747	0.03214	1	HLA-DRB1*13:01	SGLEGVF	SGLEGVFYGDNSPVS	15	NA	22.64	HLA-C*07:02	F	FYGDNSPV	8	NA	0.5	HLA-DRB1*15:01	GLEGVFYGDNSPVSK	0.815	HLA-C*05:01	YGDNSPVSK	0.8	0.28032	NA	5	1.2791	NA	HLA-C*05:01	YGDNSPVSK	0.4	0.17725	0.99745	0.99745	0	0.84164	NM_001242867	0.8756692844876479	0.7575120885321932	NA	NA	uc010esh.3	NA	-1	-1	0	0.569444444444	NA	438	0	34	72	NA	1	uc010esh.3#exon.7	0	153	TGCCCACGAGCACCACAGTCAGGTCTTGAGGGGGTTTTCTATGGAGACAACAGCCCTGTCTCAAAACCAGGTTGCCAGATC	chr19_55378185	1	1	NA	NA	uc002qhl.4 uc002qho.4	0	1	NA	-439Y	0	1316	0.99632	NA	HLA-A*03:01,HLA-A*02:01,HLA-B*07:02,HLA-B*44:02,HLA-C*07:02,HLA-C*05:01	HLA-DRB1*15:01,HLA-DRB1*13:01,HLA-DQA1*01:02,HLA-DQA1*01:03,HLA-DQB1*06:02,HLA-DQB1*06:03,HLA-DPA1*01:03,HLA-DPA1*01:03,HLA-DPB1*04:02,HLA-DPB1*04:01	80	TRUE	SKCM	skin	748	739	445	9	4	277	10149	SRR5134858	SRR5134800	SRR5088861	#NV	NIV3-NAIVE	PR	yes	Dead	110	770	155.483343	437	302	Pt72	0.011907071	0.052451856	0.009020053	0.129937519	0	0.033136323	0	3.26779e-4	0.01734216	0	0.745878239
Pt72	FSIP2	IDPKQRELSFIVNSSVFWRK	NA	NA	0.316666666667	-1	0.01344764945339999	0.0210860664	IDPKQRELSFIVNSSVFWRK	1	1	16.602	34.292	0.32049	HLA-DRB1*15:01	HLA-DRB1*15:01	QRELSFIVNSSVFWR	EKERLFLVYAKQWWR	25.74	125.99	HLA-A*03:01	HLA-A*03:01	NA	IVNSSVFWR	LLNSDIFWK	NA	302.2	99.75	HLA-A*03:01	HLA-A*03:01	IVNSSVFWRK	IVNAAGFWAR	32.01	1636.6	1.66	27.56	HLA-DRB1*15:01	HLA-DRB1*15:01	QRELSFIVNSSVFWR	EKERLFLVYAKQWWR	HLA-A*03:01	HLA-A*03:01	IVNSSVFWR	LLNSDIFWK	0.929	0.739	0.313	4.025	HLA-A*03:01	HLA-A*03:01	IVNSSVFWRK	IVNAAGFWAR	1	0	1604.6	0	0	NA	0	0	1	0	1	0	207	190	0.00767	0.08262	1	HLA-DRB1*13:01	QRELSFIVNSSVFLE	QRELSFIVNSSVFWR	15	1.06	0.32	HLA-A*03:01	IVNSSVFLEE	IVNSSVFWRK	10	14	0.45	HLA-DRB1*15:01	KQRELSFIVNSSVFWR	0.322	HLA-A*03:01	IVNSSVFWRK	3	0.12251	NA	5	1.5866	NA	HLA-A*03:01	IVNSSVFWR	0.05	0.19206	0	0	0.00426	0	NM_173651	0.8625400263857408	0.7627061008286503	NA	NA	uc002upl.3	NA	-1	-1	0	0.316666666667	NA	5035	0	46	61	21	1	uc002upl.3#exon.16	0	12	ATAGATCCTAAACAAAGAGAATTATCTTTTATTGTGAACTCATCTGTTTTTTGGAGGAAG	chr2_186668872	1	2	chr2_186668934	SNP_replicate_1	NA	0	1	NA	NA	0.01344764945339999	15106	1.7769	NA	HLA-A*03:01,HLA-A*02:01,HLA-B*07:02,HLA-B*44:02,HLA-C*07:02,HLA-C*05:01	HLA-DRB1*15:01,HLA-DRB1*13:01,HLA-DQA1*01:02,HLA-DQA1*01:03,HLA-DQB1*06:02,HLA-DQB1*06:03,HLA-DPA1*01:03,HLA-DPA1*01:03,HLA-DPB1*04:02,HLA-DPB1*04:01	80	TRUE	SKCM	skin	748	739	445	9	4	277	10149	SRR5134858	SRR5134800	SRR5088861	#NV	NIV3-NAIVE	PR	yes	Dead	110	770	155.483343	437	302	Pt72	0.011907071	0.052451856	0.009020053	0.129937519	0	0.033136323	0	3.26779e-4	0.01734216	0	0.745878239
Pt72	RP1	LEELTQPLELKCNYFNVTQNLFMRTCWMFAMKPVPRKE	NA	NA	0.08469945355189999	-1	0	0.0033187496	LEELTQPLELKCNYFNVTQNLFMRTCWMFAMKPVPRKE	0	0	0.66049	4.4508	4.4508	HLA-DRB1*13:01	HLA-DRB1*13:01	MRTCWMFAMKPVPRK	MGSCMWFPAKPKPEK	49.13	858.83	HLA-A*03:01	HLA-A*03:01	NA	RTCWMFAMK	RTCWMTAFR	NA	23.39	107.46	HLA-A*03:01	HLA-A*03:01	RTCWMFAMK	RTCWMTAFR	23.39	107.46	1.62	1.07	HLA-DPA1*01:03-DPB1*04:02	HLA-DPA1*01:03-DPB1*04:02	QPLELKCNYFNVTQN	EPAALRCAYFRYSDS	HLA-C*07:02	HLA-C*07:02	NYFNVTQNL	NYFGIDENL	0.025	0.293	0.025	0.293	HLA-C*07:02	HLA-C*07:02	NYFNVTQNL	NYFGIDENL	1	0	84.07	0	0	NA	0	0	1	0	1	0	219	226	0.07501	-0.17691	1	HLA-DRB1*13:01	FNMPHGSDSEPFHED	FNVTQNLFMRTCWMF	15	22.64	0.82	HLA-A*03:01	EPFHEDLLD	RTCWMFAMK	9	81	0.35	HLA-DPA1*01:03-DPB1*04:01	NYFNVTQNLFMRTCWM	1.62	HLA-C*07:02	NYFNVTQNL	0.09	0.52213	NA	4	0.13408	NA	HLA-A*03:01	RTCWMFAMK	0.01	0.20376	1	0	0	0	NM_006269	0.8817521686928705	0.7173477607273046	NA	NA	uc003xsd.1	NA	-1	-1	0	0.08469945355189999	NA	1819	0	183	374	NA	1	uc003xsd.1#exon.3	0	15	CTCGAGGAACTGACTCAACCCCTTGAACTAAAATGCAATTACTTTAACGTGACTCAGAACCTTTTCATGAGGACTTGCTGGATGTTCGCAATGAAACCTGTGCCAAGGAAAGAA	chr8_55541901	1	1	NA	NA	NA	0	1	NA	NA	0	5459	11.248	NA	HLA-A*03:01,HLA-A*02:01,HLA-B*07:02,HLA-B*44:02,HLA-C*07:02,HLA-C*05:01	HLA-DRB1*15:01,HLA-DRB1*13:01,HLA-DQA1*01:02,HLA-DQA1*01:03,HLA-DQB1*06:02,HLA-DQB1*06:03,HLA-DPA1*01:03,HLA-DPA1*01:03,HLA-DPB1*04:02,HLA-DPB1*04:01	80	TRUE	SKCM	skin	748	739	445	9	4	277	10149	SRR5134858	SRR5134800	SRR5088861	#NV	NIV3-NAIVE	PR	yes	Dead	110	770	155.483343	437	302	Pt72	0.011907071	0.052451856	0.009020053	0.129937519	0	0.033136323	0	3.26779e-4	0.01734216	0	0.745878239
Pt77	CTBP2	ANSCRTEMQLRRQDRAAPGAVQQLQPPKRTAPW	NA	NA	0.031007751938	-1	0.0240693172626	14.6746529325	ANSCRTEMQLRRQDRAAPGAVQQLQPPKRTAPW	0	0	16.225	0.83016	0.83016	HLA-DRB1*13:01	HLA-DRB1*13:01	EMQLRRQDRAAPGAV	ELQAARHSEAAPGPV	137.6	2979.3	HLA-B*07:02	HLA-B*07:02	NA	QPPKRTAPW	QPPRRSMPW	NA	1193.8	1410.4	HLA-B*07:02	HLA-B*07:02	QPPKRTAPW	QPPRRSMPW	1193.8	1410.4	5.42	87.94	HLA-DPA1*02:02-DPB1*04:01	HLA-DPA1*02:02-DPB1*04:01	PGAVQQLQPPKRTAP	PPPTQQPQPPTQAAP	HLA-C*07:04	HLA-C*07:04	AAPGAVQQL	AAPGAVYQV	0.235	0.629	0.235	0.629	HLA-C*07:04	HLA-C*07:04	AAPGAVQQL	AAPGAVYQV	0	0	216.57	0	0	NA	0	0	0	0	0	0	192	223	-0.10712	0.12846	1	HLA-DRB1*13:01	CRTEMQLRRQDRGGP	CRTEMQLRRQDRAAP	15	2.65	0.38	HLA-C*07:04	RRQDRGGPLPR	RRQDRAAPGAV	11	30	0.7	HLA-DRB1*13:01	APGAVQQLQPPKRTA	6.55	HLA-B*07:02	QDRAAPGAV	3	0.11337	NA	2	0.57599	11.872	HLA-B*07:02	QDRAAPGAV	2	0.16772	0	0	5.6e-4	0	NM_022802	0.9460199781243548	0.811705884312243	NA	NA	uc001lie.4	NA	-1	-1	0	0.031007751938	NA	360	0	88	129	31	1	uc001lie.4#exon.0	0	32	GCCAATAGCTGCAGGACCGAAATGCAGCTGCGGAGGCAGGACCGGGCTGCCCCGGGCGCGGTCCAGCAGCTTCAGCCACCGAAGCGAACTGCTCCATGG	chr10_126715238	1	3	chr10_126715153	SNP_replicate_1	NA	0	1	NA	NA	0.0240693172626	1080	0.00411	NA	HLA-A*24:02,HLA-A*68:01,HLA-B*07:02,HLA-B*44:02,HLA-C*07:02,HLA-C*07:04	HLA-DRB1*13:01,HLA-DRB1*14:54,HLA-DQA1*01:04,HLA-DQA1*01:03,HLA-DQB1*05:03,HLA-DQB1*06:03,HLA-DPA1*01:03,HLA-DPA1*02:02,HLA-DPB1*19:01,HLA-DPB1*04:01	27	TRUE	SKCM	skin	41	40	24	1	1	20	10982	SRR5134883	SRR5134811	SRR5088846	SRR5088847	NIV3-NAIVE	SD	no	Dead	67.3	471.1	150.970744	49	27	Pt77	0.118736421	0.047874988	0.065933192	0.004784051	0.012774853	0.006080497	0	0.105215538	0.06841396	0.018465222	0.551721277
Pt8	LOC340074	ENVIMVDRHFVNP	NA	NA	0.197183098592	-1	0	0	ENVIMVDRHFVNP	0	NA	NA	0.51839	0.51839	NA	NA	NA	NA	NA	NA	HLA-A*02:01	HLA-A*02:01	NA	VIMVDRHFV	VIMWQKHYV	NA	129.09	68.29	HLA-A*02:01	HLA-A*02:01	VIMVDRHFV	VIMWQKHYV	129.09	68.29	NA	NA	NA	NA	NA	NA	HLA-A*02:01	HLA-A*02:01	VIMVDRHFV	VIMWQKHYV	1.414	0.624	1.414	0.624	HLA-A*02:01	HLA-A*02:01	VIMVDRHFV	VIMWQKHYV	0	NA	-60.8	0.25	NA	NA	1	NA	0	NA	1	NA	144	NA	0.15056	NA	0	NA	NA	NA	0	NA	999	NA	NA	NA	0	NA	999	HLA-DRB1*13:01	ENVIMVDRHFVNP	1.81	HLA-A*02:01	VIMVDRHFV	5	-0.05156	NA	4	2.5316	NA	HLA-A*02:01	VIMVDRHFV	4	0.1646	NA	6e-5	0	3e-5	NA	0.8489237715454687	NA	0.8489237715454687	NA	uc011cya.2	NA	-1	-1	0	0.197183098592	NA	42	0	90	142	18	1	uc011cya.2#exon.1	0	30	GAGAATGTCATAATGGTGGATAGGCATTTTGTGAATCCA	chr5_134988080	1	2	chr5_134986195	SNP_replicate_1	NA	0	1	NA	W43-	0	127	0.92605	NA	HLA-A*02:01,HLA-A*02:01,HLA-B*40:01,HLA-B*44:02,HLA-C*03:04,HLA-C*05:05	HLA-DRB1*04:01,HLA-DRB1*13:01,HLA-DQA1*01:03,HLA-DQA1*03:03,HLA-DQB1*06:03,HLA-DQB1*03:01,HLA-DPA1*01:03,HLA-DPA1*02:01,HLA-DPB1*04:02,HLA-DPB1*01:01	31	TRUE	SKCM	skin	147	147	80	0	0	64	12371	SRR5134777	SRR5134787	SRR5088914	SRR5088915	NIV3-NAIVE	PD	no	Dead	37	259	202.384296	87	44	Pt8	0.014164466	0.042442278	0.061741337	0.09334356	0	0.028132554	0.016968891	0.030974079	0.020523146	0.017376409	0.67433328
Pt84	BAP1	PEKQNGLSAVRTMEASLCQLCAYHRPAL	NA	NA	0.7204724409450001	0.875	16.9559825816	29.1509380564	PEKQNGLSAVRTMEASLCQLCAYHRPAL	0	0	3.2397	2.532	1.47	HLA-DRB1*10:01	HLA-DRB1*10:01	GLSAVRTMEASLCQL	GLTVATVVESALCAL	66.29	258.11	HLA-B*08:01	HLA-B*08:01	NA	LCAYHRPAL	LLAYHMPGL	NA	797.41	1807.9	HLA-B*08:01	HLA-B*08:01	CAYHRPAL	CAYLHPAL	133.41	375.88	9.47	30.68	HLA-DRB1*10:01	HLA-DRB1*10:01	KQNGLSAVRTMEASL	KEEVLDAVRTVEEFL	HLA-B*08:01	HLA-B*08:01	LCAYHRPAL	LLAYHMPGL	1.174	2.746	0.498	1.156	HLA-B*08:01	HLA-B*08:01	CAYHRPAL	CAYLHPAL	0	0	242.47	0	NA	14.836	1	0	0	0	1	0	111	225	0.04745	-0.20605	1	HLA-DRB1*03:01	QNGLSAVRTMEAFHF	QNGLSAVRTMEASLC	15	7.14	6.33	HLA-B*35:01	MEAFHFVSYVP	MEASLCQLCAY	11	52.5	0.75	HLA-DRB1*10:01	KQNGLSAVRTMEASL	2.72	HLA-B*08:01	AVRTMEASL	2	0.19686	NA	2	1.3564	NA	HLA-A*01:01	ASLCQLCAY	0.3	0.18031	0.00761	0	0.54267	0	NM_004656	0.8998088005769391	0.8540540591499992	NA	NA	uc003ddx.3	NA	0.875	0.875	0	0.7204724409450001	NA	167	56	302	251	10000000	1	uc003ddx.3#exon.6	0	2	CCTGAGAAGCAGAATGGCCTTAGTGCAGTGCGGACCATGGAGGCGTCACTTTGTCAGCTATGTGCCTATCACAGGCCGGCTCTT	chr3_52441264	1	2	NA	NA	NA	0	1	NA	NA	16.9559825816	501	1.8662	27.688	HLA-A*03:01,HLA-A*01:01,HLA-B*08:01,HLA-B*35:01,HLA-C*07:01,HLA-C*04:01	HLA-DRB1*10:01,HLA-DRB1*03:01,HLA-DQA1*01:05,HLA-DQA1*05:01,HLA-DQB1*05:01,HLA-DQB1*02:01,HLA-DPA1*01:03,HLA-DPA1*01:03,HLA-DPB1*02:01,HLA-DPB1*02:01	84	TRUE	SKCM	skin	11	9	6	2	2	5	11644	SRR5134749	SRR5134752	SRR5088850	SRR5088851	NIV3-NAIVE	PD	no	Dead	21.6	151.2	121.521302	11	10	Pt84	0.009377329	9.1137e-4	0.050767848	0.014378783	0.001311855	0.009079856	0.02269198	0	0.001467574	0	0.890013405
Pt89	MTUS2	KASSSNAAKSNLPKSAVLPDTHVSRQPNWRHLALSGAPASPQSPAPSPGTVHSQSRAGQPPVQPLGMKNSQF	NA	NA	0.152542372881	-1	0	0.0258323844	KASSSNAAKSNLPKSAVLPDTHVSRQPNWRHLALSGAPASPQSPAPSPGTVHSQSRAGQPPVQPLGMKNSQF	0	0	1.2351	7.241	7.241	HLA-DRB1*09:01	HLA-DRB1*09:01	NWRHLALSGAPASPQ	NVRMMLSGGAPLSPQ	140.29	22.16	HLA-C*07:02	HLA-C*07:02	NA	SRQPNWRHL	SKQPLWNHL	NA	296.21	6015.6	HLA-C*07:02	HLA-C*07:02	SRQPNWRHL	SKQPLWNHL	296.21	6015.6	6.04	7.46	HLA-DQA1*03:02-DQB1*03:03	HLA-DQA1*03:02-DQB1*03:03	SPGTVHSQSRAGQPP	SPGPTHNSPELGRPP	HLA-C*07:02	HLA-C*07:02	SRQPNWRHL	SKQPLWNHL	0.079	1.211	0.079	1.211	HLA-C*07:02	HLA-C*07:02	SRQPNWRHL	SKQPLWNHL	0	0	5719.4	0	0	NA	0	0	0	0	0	0	235	211	0.21603	-0.14422	1	NA	NA	NA	0	NA	999	HLA-C*07:02	RLPAAKLAAFG	SRQPNWRHLAL	11	85	0.1	HLA-DPA1*01:03-DPB1*04:01	QPNWRHLALSGAPA	3.67	HLA-C*07:02	SRQPNWRHL	0.3	0.31358	NA	3	0.32445	NA	HLA-C*07:02	SRQPNWRHL	0.09	0.19274	0.99994	0	0	0	NM_001033602	0.873374985993202	0.8118898015410743	NA	NA	uc001usl.4	NA	-1	-1	0	0.152542372881	NA	844	0	58	175	NA	1	uc001usl.4#exon.2	0	138	AAAGCTTCCAGTTCAAATGCTGCAAAATCCAATCTCCCGAAATCTGCCGTCCTCCCGGATACTCACGTCTCCCGGCAGCCAAACTGGCGGCATTTGGCTTTGTCCGGAGCTCCAGCGTCTCCTCAGTCTCCAGCACCCAGTCCGGGGACAGTGCACAGCCAGAGCAGGGCCGGCCAGCCACCCGTTCAACCTTTGGGAATGAAGAACAGCCAGTTC	chr13_29674965	1	1	NA	NA	NA	0	1	NA	NA	0	2532	0.71138	NA	HLA-A*34:01,HLA-A*02:01,HLA-B*40:01,HLA-B*15:21,HLA-C*07:02,HLA-C*04:03	HLA-DRB1*04:03,HLA-DRB1*09:01,HLA-DQA1*03:01,HLA-DQA1*03:02,HLA-DQB1*03:03,HLA-DQB1*03:02,HLA-DPA1*01:03,HLA-DPA1*01:03,HLA-DPB1*02:01,HLA-DPB1*04:01	33.8	TRUE	SKCM	skin	314	310	180	4	3	142	12817	SRR5134873	SRR5134837	SRR5088831	SRR5088832	NIV3-NAIVE	SD	no	Dead	120.6	844.2	176.691766	214	115	Pt89	0.006340453	0.048291864	0.034511667	0.069831653	0.045187325	0.027207257	0.01379486	0.004713912	0.025591699	0	0.72452931
Pt89	HHIPL1	WVLGAAAHPQCLDFRPLPADAAAAPLRAVLGLRLLR	NA	NA	0.236842105263	-1	1.1793643115	0.4334545673	WVLGAAAHPQCLDFRPLPADAAAAPLRAVLGLRLLR	0	1	62.092	1.1999	1.1999	HLA-DRB1*09:01	HLA-DRB1*09:01	AAAPLRAVLGLRLLR	AMAEMKVVLGLTLLR	33	617.86	HLA-A*02:01	HLA-A*02:01	NA	CLDFRPLPA	CLDHRCLPA	NA	392.61	548.62	HLA-A*02:01	HLA-A*02:01	CLDFRPLPA	CLDHRCLPA	392.61	548.62	1.53	95	HLA-DQA1*03:01-DQB1*03:03	HLA-DQA1*03:01-DQB1*03:03	RPLPADAAAAPLRAV	KPLPRERPRRPIRAM	HLA-C*07:02	HLA-C*07:02	LRAVLGLRL	LRALLGLSL	0.525	0.276	0.525	0.276	HLA-C*07:02	HLA-C*07:02	LRAVLGLRL	LRALLGLSL	0	0	156.01	0	0	NA	0	0	0	0	0	0	199	222	0.14912	0.16372	0	NA	NA	NA	0	NA	999	HLA-C*04:03	FRPTQPLRL	PADAAAAPL	9	6.5	1.1	HLA-DPA1*01:03-DPB1*04:01	AAAPLRAVLGLRLLR	1.22	HLA-C*07:02	FRPLPADAA	2	0.10774	NA	2	1.0155	NA	HLA-A*34:01	AVLGLRLLR	0.3	0.18165	0	0.5	0.14686	0.59994	NM_001127258	0.9562676207727494	0.8646822218863601	0.9562676207727494	NA	uc010avs.3	NA	-1	-1	0	0.236842105263	NA	27	0	41	39	10000000	1	uc010avs.3#exon.0	0	197	TGGGTGCTCGGGGCCGCCGCGCATCCGCAGTGCCTGGACTTCAGGCCGCTTCCGGCCGACGCAGCCGCTGCGCCTCTGCGCGCAGTACTCGGACTTCGGCTGCTGCGA	chr14_100111627	1	2	NA	NA	uc001ygl.1	0	1	NA	NA	1.1793643115	83	0.57344	NA	HLA-A*34:01,HLA-A*02:01,HLA-B*40:01,HLA-B*15:21,HLA-C*07:02,HLA-C*04:03	HLA-DRB1*04:03,HLA-DRB1*09:01,HLA-DQA1*03:01,HLA-DQA1*03:02,HLA-DQB1*03:03,HLA-DQB1*03:02,HLA-DPA1*01:03,HLA-DPA1*01:03,HLA-DPB1*02:01,HLA-DPB1*04:01	33.8	TRUE	SKCM	skin	314	310	180	4	3	142	12817	SRR5134873	SRR5134837	SRR5088831	SRR5088832	NIV3-NAIVE	SD	no	Dead	120.6	844.2	176.691766	214	115	Pt89	0.006340453	0.048291864	0.034511667	0.069831653	0.045187325	0.027207257	0.01379486	0.004713912	0.025591699	0	0.72452931
Pt89	CNTNAP4	TQTYWGGSSPDLQKCTCGCGLEGNCIDSQYYCN	NA	NA	0.0534759358289	1	0.04987414682440001	0.0126035071	TQTYWGGSSPDLQKCTCGCGLEGNCIDSQYYCN	0	0	1.0783	0.03863	0.12957	HLA-DQA1*03:02-DQB1*03:02	HLA-DQA1*03:02-DQB1*03:02	CGCGLEGNCIDSQYY	CTCGLEGNCIDSQYY	4535.2	4312.5	HLA-B*40:01	HLA-B*40:01	NA	QKCTCGCGL	QRCDCGPGL	NA	22499	23250	HLA-A*02:01	HLA-A*02:01	LQKCTCGCGL	MQICYCGPGL	7810	331.69	55.96	60.34	HLA-DRB1*04:03	HLA-DRB1*04:03	CGCGLEGNCIDSQYY	CTCGLEGNCIDSQYY	HLA-C*04:03	HLA-C*04:03	GCGLEGNCI	GCGIRRRCI	30.077	54.286	26	9.716	HLA-B*40:01	HLA-B*40:01	LQKCTCGCGL	MQICYCGPGL	0	0	-7478.3	0	0	0.04987	0	0	0	0	0	0	171	210	-0.15255	-0.026950000000000002	0	NA	NA	NA	0	NA	999	HLA-B*15:21	LQKCTCGLEG	LQKCTCGCGL	10	28	12	HLA-DPA1*01:03-DPB1*02:01	TYWGGSSPDLQKCTCGCG	69.8	HLA-B*40:01	QKCTCGCGL	13	-0.20101	NA	4	32.489	NA	HLA-B*15:21	LQKCTCGCGL	4	0.16248	0	0	0	0	NM_138994	0.8269213244600833	0.960240583302589	0.8269213244600833	NA	uc010chb.1	NA	1	1	0	0.0534759358289	NA	649	9	100	193	NA	1	uc010chb.1#exon.12	0	331	ACGCAAACCTACTGGGGAGGTTCTTCGCCTGATCTTCAAAAATGTACTTGTGGTTGTGGATTAGAGGGAAACTGCATTGATTCTCAGTATTACTGCAAT	chr16_76528893	1	1	NA	NA	uc002few.2 uc002feu.1 uc002fev.1 uc002fex.1	0	1	NA	NA	0.04987414682440001	1948	0	0	HLA-A*34:01,HLA-A*02:01,HLA-B*40:01,HLA-B*15:21,HLA-C*07:02,HLA-C*04:03	HLA-DRB1*04:03,HLA-DRB1*09:01,HLA-DQA1*03:01,HLA-DQA1*03:02,HLA-DQB1*03:03,HLA-DQB1*03:02,HLA-DPA1*01:03,HLA-DPA1*01:03,HLA-DPB1*02:01,HLA-DPB1*04:01	33.8	TRUE	SKCM	skin	314	310	180	4	3	142	12817	SRR5134873	SRR5134837	SRR5088831	SRR5088832	NIV3-NAIVE	SD	no	Dead	120.6	844.2	176.691766	214	115	Pt89	0.006340453	0.048291864	0.034511667	0.069831653	0.045187325	0.027207257	0.01379486	0.004713912	0.025591699	0	0.72452931
Pt9	LTB4R	APFFLHFLAQGTWSFGHYVCGVSMYASVLLI	NA	NA	0.16	0.524	2.55444666273	1.9388743847	APFFLHFLAQGTWSFGHYVCGVSMYASVLLI	0	0	2.5389	4.2605	4.2605	HLA-DQA1*05:05-DQB1*03:01	HLA-DQA1*05:05-DQB1*03:01	FGHYVCGVSMYASVL	FGYRKCGVEVLAATL	212.21	867.64	HLA-A*32:01	HLA-A*32:01	NA	GTWSFGHYV	GFWSFGFFI	NA	464.6	4873.4	HLA-A*32:01	HLA-A*32:01	GTWSFGHYV	GFWSFGFFI	464.6	4873.4	12.58	31.94	HLA-DQA1*05:05-DQB1*03:01	HLA-DQA1*05:05-DQB1*03:01	SFGHYVCGVSMYASV	SWGVYPCGSAQHPAV	HLA-A*32:01	HLA-A*32:01	GTWSFGHYV	GFWSFGFFI	0.89	6.058	0.89	6.058	HLA-A*32:01	HLA-A*32:01	GTWSFGHYV	GFWSFGFFI	0	0	4408.8	0	0	1.3385	0	0	0	0	0	0	175	244	0.07647	-0.34669	1	HLA-DRB1*11:01	WSFGLAGCRLCHYVC	WSFGHYVCGVSMYAS	15	12.54	2.65	HLA-A*01:01	LAQGTWSFGLA	LAQGTWSFGHY	11	4.75	0.85	HLA-DRB1*11:01	SFGHYVCGVSMYASVL	1.64	HLA-C*07:01	GTWSFGHYV	5	0.01306	NA	4	2.0681	NA	HLA-C*02:02	FLAQGTWSFGHY	0.5	0.17833	0.99244	0.01512	0.15747	0.0644	NM_181657	0.8664361470343002	0.7940647045675234	NA	NA	uc010alp.3	NA	0.524	0.524	0	0.16	NA	85	21	71	126	NA	1	uc010alp.3#exon.1	0	247	GCTCCCTTTTTCCTTCACTTCCTGGCCCAAGGCACCTGGAGTTTTGGACACTATGTCTGCGGAGTCAGCATGTACGCCAGCGTCCTGCTTATC	chr14_24785114	1	1	NA	NA	uc001wos.3 uc001wou.3 uc021rrq.1	0	1	NA	NA	2.55444666273	257	0.34859	0.4666	HLA-A*32:01,HLA-A*01:01,HLA-B*08:01,HLA-B*18:01,HLA-C*07:01,HLA-C*02:02	HLA-DRB1*11:01,HLA-DRB1*03:01,HLA-DQA1*05:05,HLA-DQA1*04:01,HLA-DQB1*03:01,HLA-DQB1*02:01,HLA-DPA1*01:03,HLA-DPA1*01:03,HLA-DPB1*02:01,HLA-DPB1*06:01	74	TRUE	SKCM	skin	652	650	366	2	0	288	13458	SRR5134839	SRR5134805	SRR5088885	SRR5088886	NIV3-NAIVE	PD	no	Dead	13.1	91.7	168.309781	409	246	Pt9	0.005360604	0.027354462	0.071960016	0.012335832	0	0.043673461	0.040778124	0.017001688	0.017224854	0.240312983	0.523997975
Pt94	CEP112	FTHRPEPGTLKILPSSCPSILMNQIQHEQKVQAQRDYQPGYWVSWRQVNTN	NA	NA	0.238636363636	0	0.98041737471	1.431695347	FTHRPEPGTLKILPSSCPSILMNQIQHEQKVQAQRDYQPGYWVSWRQVNTN	1	1	82.906	28.203	28.203	HLA-DRB1*07:01	HLA-DRB1*07:01	GTLKILPSSCPSILM	GPVSTKPGSCPIILI	109.58	2756.2	HLA-B*15:01	HLA-B*15:01	NA	AQRDYQPGY	AQRQIQPGH	NA	26.63	969.48	HLA-B*15:01	HLA-B*15:01	AQRDYQPGY	AQRQIQPGH	26.63	969.48	0.96	79.59	HLA-DRB1*13:01	HLA-DRB1*13:01	MNQIQHEQKVQAQRD	INQLEEEDMMTNQRD	HLA-B*15:01	HLA-B*15:01	AQRDYQPGY	AQRQIQPGH	0.008	0.553	0.008	0.553	HLA-B*15:01	HLA-B*15:01	AQRDYQPGY	AQRQIQPGH	1	1	942.85	0	0	0	0	1	1	1	1	2	239	264	-0.06308	-0.54799	1	HLA-DRB1*13:01	PSYMSIYFDEPNPAR	PSSCPSILMNQIQHE	15	11	3.23	HLA-B*15:01	GSSPEGLPAWV	VQAQRDYQPGY	11	22	0.5	HLA-DQA1*02:01-DQB1*02:02	KILPSSCPSILMNQ	0.0191	HLA-B*15:01	AQRDYQPGY	0.1	0.4895	NA	3	0.04413	NA	HLA-B*15:01	AQRDYQPGY	0.03	0.19641	0	0	0.15729	0	NM_001199165	0.8876893654589066	0.8103098332165196	NA	NA	uc002jfm.3	NA	0	0	0	0.238636363636	NA	97	6	60	89	10000000	1	uc002jfm.3#exon.2	0	345	TTTACACACCGACCTGAACCCGGGACACTAAAAATTCTACCTTCATCATGTCCATCTATTTTGATGAACCAAATCCAGCACGAGCAAAAGGTTCAAGCCCAGAGGGATTACCAGCCTGGGTACTGGGTGAGCTGGAGACAAGTGAACACAAAT	chr17_64172950	1	2	NA	NA	uc010dep.2 uc002jfl.3	0	1	NA	NA	0.98041737471	291	5.5909	0	HLA-A*03:01,HLA-A*24:02,HLA-B*14:01,HLA-B*15:01,HLA-C*08:02,HLA-C*03:03	HLA-DRB1*13:01,HLA-DRB1*07:01,HLA-DQA1*01:03,HLA-DQA1*02:01,HLA-DQB1*06:03,HLA-DQB1*02:02,HLA-DPA1*02:01,HLA-DPA1*02:01,HLA-DPB1*01:01,HLA-DPB1*10:01	33	TRUE	SKCM	skin	594	592	371	2	2	265	12610	SRR5134886	SRR5134855	SRR5088843	SRR5088842	NIV3-NAIVE	CR	yes	Alive	140.1	980.7	182.46871	405	239	Pt94	0.014883535	0.005383089	0.04566412	0.004925663	0.011300008	0.00592909	0	0.015909051	0.043822964	0.041030308	0.811152171
Pt94	ZMYM3	KRLRGVVSQCEHCRQENSCMRNSDSAEWRKASAAKAVCCCTNRTSLRSWACAVSLVLTAPRPASAESPSNWMAAPGTSAVRTVRASTCCGTARLPGAMRVSARGSCWRPSTGVGRSVISATSSVFCVSIASRTNPTWIPRVGPRAS	NA	NA	0.28448275862100003	0.33299999999999996	2.14379017571	8.3770230065	KRLRGVVSQCEHCRQENSCMRNSDSAEWRKASAAKAVCCCTNRTSLRSWACAVSLVLTAPRPASAESPSNWMAAPGTSAVRTVRASTCCGTARLPGAMRVSARGSCWRPSTGVGRSVISATSSVFCVSIASRTNPTWIPRVGPRAS	0	0	1.5625	1.1656	1.1656	HLA-DRB1*07:01	HLA-DRB1*07:01	TSSVFCVSIASRTNP	TSTSFGVSIDSLNNP	23.53	1554.7	HLA-C*03:03	HLA-C*03:03	NA	MAAPGTSAV	MAAPGTSSV	NA	4.48	5.23	HLA-C*03:03	HLA-C*03:03	MAAPGTSAV	MAAPGTSSV	4.48	5.23	0.32	0.5	HLA-DQA1*02:01-DQB1*06:03	HLA-DQA1*02:01-DQB1*06:03	SDSAEWRKASAAKAV	SSSTGWRTASAGPAL	HLA-C*03:03	HLA-C*03:03	MAAPGTSAV	MAAPGTSSV	0.057	0.047	0.057	0.047	HLA-C*03:03	HLA-C*03:03	MAAPGTSAV	MAAPGTSSV	1	1	0.75	0	0	0.71388	4	0	4	2	8	2	191	254	-0.04568	0.01274	0	HLA-DRB1*13:01	LYKQDFTKKLGLCCI	CTNRTSLRSWACAVS	15	20.67	0.38	HLA-B*15:01	QIRHFCNQQCL	RSVISATSSVF	11	21	0.2	HLA-DRB1*07:01	LRSWACAVSLVLTAPR	0.267	HLA-C*08:02	SAESPSNWM	0.2	0.41883	NA	1	0.15541	NA	HLA-A*03:01	RTNPTWIPR	0.02	0.20132	0	6e-5	0.13839	7e-5	NM_201599	0.9864763818680984	0.8309137007868403	0.9864763818680984	NA	uc004dzh.2	NA	0.33299999999999996	0.33299999999999996	0	0.28448275862100003	NA	638	3	77	122	10000000	1	uc004dzh.2#exon.10	0	170	AAGCGGCTTCGGGGTGTGGTGTCCCAGTGTGAGCACTGTCGGCAGGAAAACTCTTGCATGAGAAACTCCGATTCAGCGGAGTGGAGAAAAGCTTCTGCAGCGAAGGCTGTGTGCTGCTGTACAAACAGGACTTCACTAAGAAGCTGGGCTTGTGCTGTATCACTTGTACTTACTGCTCCCAGACCTGCCAGCGCGGAGTCACCGAGCAACTGGATGGCAGCACCTGGGACTTCTGCAGTGAGGACTGTAAGAGCAAGTACCTGCTGTGGTACTGCAAGGCTGCCCGGTGCCATGCGTGTAAGCGCCAGGGGAAGCTGCTGGAGACCATCCACTGGCGTGGGCAGATCCGTCATTTCTGCAACCAGCAGTGTCTTCTGCGTTTCTATAGCCAGCAGAACCAACCCAACCTGGATACCCAGAGTGGGCCCGAGAGCCTCC	chrX_70468068	1	2	NA	NA	uc004dzj.2 uc004dzi.2	0	1	NA	NA	2.14379017571	1915	14.597	10.42	HLA-A*03:01,HLA-A*24:02,HLA-B*14:01,HLA-B*15:01,HLA-C*08:02,HLA-C*03:03	HLA-DRB1*13:01,HLA-DRB1*07:01,HLA-DQA1*01:03,HLA-DQA1*02:01,HLA-DQB1*06:03,HLA-DQB1*02:02,HLA-DPA1*02:01,HLA-DPA1*02:01,HLA-DPB1*01:01,HLA-DPB1*10:01	33	TRUE	SKCM	skin	594	592	371	2	2	265	12610	SRR5134886	SRR5134855	SRR5088843	SRR5088842	NIV3-NAIVE	CR	yes	Alive	140.1	980.7	182.46871	405	239	Pt94	0.014883535	0.005383089	0.04566412	0.004925663	0.011300008	0.00592909	0	0.015909051	0.043822964	0.041030308	0.811152171
